,DHAKA NORTH CITY,,,
,CORPORATION,,,
WARD NO. 01 (24) (PART),,,,
FAYDABAD (PART),,,,
UTTARA SECTOR-1,,,,
WARD NO. 01 (PART),,,,
FAYDABAD (PART),,,,
UTTARA SECTOR-3,,,,
UTTARA SECTOR-5,,,,
UTTARA SECTOR-7,,,,
BAILJURI,,,,
UTTARA SECTOR-11,,,,
UTTARA SECTOR-12,,,,
UTTARA SECTOR-13,,,,
UTTARA SECTOR-14,,,,
RANABHOLA,,,,
UTTARA SECTOR-10,,,,
BAUNIA (PART),,,,
AHALI,,,,
DALIPARA,,,,
WARD NO. 01 (PART),,,,
PURAKAIR,,,,
UTTARA SECTOR-2,,,,
BAUNIA (PART),,,,
SHAILPUR,,,,
FAYDABAD (PART),,,,
UTTARA SECTOR-4,,,,
UTTARA SECTOR-6,,,,
ABDULLAHPUR (PART),,,,
UTTARA SECTOR-8,,,,
UTTARA SECTOR-9,,,,
WARD NO. 02 (PART),,,,
BAUNIA (PART),,,,
SECTION-12 BLOCK-E,,,,
UTTAR SENPARA (PART),,,,
SECTION-12 BLOCK-A,,,,
SECTION-12 BLOCK-B,,,,
SECTION-12 BLOCK-C,,,,
SECTION-12 BLOCK-DHA,,,,
SECTION-12 BLOCK-KHA,,,,
SECTION-12 BLOCK-TA,,,,
SHEIKHER KALSI,,,,
SECTION-12 BLOCK-D,,,,
SECTION-12 BLOCK-PA,,,,
UTTAR KALSHI,,,,
CHAKULI (PART),,,,
DOHS,,,,
WARD NO. 02 (PART),,,,
UTTAR SENPARA,,,,
EXTENSTION RUPNAGAR,,,,
WARD NO. 03 (PART),,,,
UTTAR SENPARA (PART),,,,
SECTION-10 BLOCK-B,,,,
SECTION-10 BLOCK-C,,,,
WARD NO. 03 (PART),,,,
UTTAR SENPARA (PART),,,,
SECTION-10 BLOCK-A,,,,
SECTION-10 BLOCK-D,,,,
(PARIS ROAD),,,,
SECTION-11 BLOCK-C,,,,
SECTION-11 BLOCK-C,,,,
(AVENUE-4 SABUJBANGLA,,,,
DSEUCITPI)ON-11 BLOCK-C,,,,
(AVENUE-4,,,,
SMEACDTIIONNA-N1A1G BALRO)CK-C,,,,
(AVENUE-5),,,,
SECTION-11 BLOCK-C,,,,
(MEHEDIBAG),,,,
WARD NO. 04 (PART),,,,
UTTAR SENPARA (PART),,,,
BAISHTEKI,,,,
SECTION-13 BLOCK-A,,,,
SECTION-13 BLOCK-B,,,,
SECTION-13 BLOCK-C,,,,
SECTION-13 TINSHED COLONY,,,,
SECTION-14 BLOCK-D,,,,
SECTION-14 BLOCK-D,,,,
SECTION-14 POLICE STAFF,,,,
QUARTER,,,,
SECTION-14,,,,
STAFF QUARTER,,,,
WARD NO. 04 (PART),,,,
WARD NO. 05 (PART),,,,
BAUNIA (PART),,,,
BAUNIA BANDH (BLOCK-,,,,
A,,,,
SECTION-11 BLOCK-E,,,,
SECTION-11 BLOCK-F,,,,
UTTAR SENPARA (PART),,,,
PALASHNAGAR,,,,
SECTION-11 BLOCK-A,,,,
SECTION-11 BLOCK-B,,,,
SECTION-11 BLOCK-D,,,,
WARD NO. 06 (PART),,,,
DWIGUN,,,,
ALUBDI,,,,
WARD NO. 06 (PART),,,,
UTTAR SENPARA (PART),,,,
ARAMBAG RESIDENTIAL AREA,,,,
ARIFABAD RESIDENTIAL AREA,,,,
CHHAYANIR HOUSING,,,,
NATUN PALLABI,,,,
SECTION-6 BLOCK-E,,,,
SECTION-6 BLOCK-TA,,,,
PATRUL,,,,
ESTERN HOUSING PURBA,,,,
MERUL,,,,
ESTERN HOUSING,,,,
DUARIPARA,,,,
DUARIPARA (WAKFA ESTATE),,,,
RUPNAGAR TINSHED,,,,
AGUNDHA,,,,
ESTERN HOUSING,,,,
UTTAR SENPARA (PART),,,,
EXTENTION PALLABI,,,,
MILKVITA,,,,
PALLABI (UTTARDAKKHIN),,,,
SECTION-06 BLOCK-C,,,,
SECTION-6 BLOCK-D,,,,
SECTION-6 BLOCK-JA,,,,
SECTION-6 BLOCK-JHA,,,,
SECTION-7,,,,
SECTION-7 MALLIKA HOUSING,,,,
WARD NO. 07 (PART),,,,
SENPARA PARBATA (PART),,,,
BFIDC RESIDENTIAL AREA,,,,
NASIMBAG,,,,
PRINCH IRON FACTORY AREA,,,,
SECTION-2 BLOCK-A,,,,
SECTION-2 BLOCK-B,,,,
SECTION-2 BLOCK-C,,,,
SECTION-2 BLOCK-CHA,,,,
SECTION-2 BLOCK-D,,,,
SECTION-2 BLOCK-E,,,,
SECTION-2 BLOCK-F,,,,
SECTION-2 BLOCK-G,,,,
SECTION-2 BLOCK-G-1,,,,
SECTION-2 BLOCK-H,,,,
SECTION-2 BLOCK-NEW-A,,,,
SECTION-6 BLOCK-A,,,,
SECTION-6 BLOCK-B,,,,
WARD NO. 07 (PART),,,,
SENPARA PARBATA (PART),,,,
2-K. RUPNAGAR R/A,,,,
2-J RUPNAGAR R/A,,,,
RUPNAGAR GOVT.,,,,
HOUSING ESTATE,,,,
WARD NO. 07 (PART),,,,
SENPARA PARBATA (PART),,,,
HOUSING DALAN,,,,
RUPALI HOUSING ESTATE,,,,
WARD NO. 08,,,,
BISHIL (PART),,,,
KA-UTTAR BISHIL,,,,
KHA-UTTAR BISHIL,,,,
PRIYANKA HOUSING,,,,
ROYAL CITY RESIDENTIAL AREA,,,,
SECTION-1 BLOCK-A,,,,
SECTION-1 BLOCK-B,,,,
SECTION-1 BLOCK-C,,,,
SECTION-1 BLOCK-D,,,,
SECTION-1 BLOCK-E,,,,
SECTION-1 BLOCK-F,,,,
SECTION-1 BLOCK-G,,,,
SECTION-1 BLOCK-H,,,,
SECTION-1 BLOCK-NEW-C,,,,
SHAH ALI NAGAR HOUSING,,,,
SHINEPUKUR RESIDENTIAL,,,,
AREA,,,,
NAWABERBAG,,,,
NAWABERBAG,,,,
CHATBARI GORAN,,,,
CHATBARI GORAN,,,,
UTTAR SENPARA (PART),,,,
BAKSNAGAR,,,,
KUMIRSHAH MAZAR COLONY,,,,
KUSUMBAG,,,,
WARD NO. 09,,,,
ANANDANAGAR,,,,
ANANDANAGAR,,,,
CHHOTA DIABARI,,,,
BARA DIABARI,,,,
CHHOTA DIABARI,,,,
MIRPUR (PART),,,,
BAGBARI,,,,
DWIPNAGAR,,,,
KOTBARI,,,,
MIRPUR BAZAR,,,,
HARIRAMPUR,,,,
HARIRAMPUR,,,,
PASHCHIM KANDAR,,,,
BARDHANBARI,,,,
JAHURABAD,,,,
GOLARTEK,,,,
JAHANABAD,,,,
JAHURABAD,,,,
WARD NO. 10,,,,
BASUPARA,,,,
THIRD COLONY,,,,
BARA SAYEK (PART),,,,
DARUSSALAM,,,,
KHOJARBAG,,,,
SECOND COLONY,,,,
MIRPUR (PART),,,,
GABTALI,,,,
GAIDARTEK,,,,
NANDARBAG,,,,
FIRST COLONY,,,,
BISHIL (PART),,,,
EASTERN HOUSING PROJECT-1,,,,
EASTERN HOUSING PROJECT-2,,,,
WARD NO. 11,,,,
PAIKPARA (PART),,,,
DAKKHIN PAIKPARA,,,,
MADHYA PAIKPARA,,,,
PAIKPARA,,,,
BARA SAYEK (PART),,,,
DAKKHIN KALYANPUR,,,,
KALYANPUR,,,,
WARD NO. 12 (PART),,,,
SENPARA PARBATA (PART),,,,
JANATA HOUSING,,,,
KALWALAPARA,,,,
SHAH ALIBAG,,,,
PAIKPARA (PART),,,,
AHAMMADNAGAR,,,,
UTTAR PURBA,,,,
DARUSSALAM ROAD,,,,
PURBA KANDAR,,,,
GODAKHALI,,,,
CHHOTA SAYEK,,,,
DARUSSALAM ROAD,,,,
WARD NO. 12 (PART),,,,
BISHIL (PART),,,,
PAIKPARA (PART),,,,
TOLARBAG,,,,
WARD NO. 13,,,,
SENPARA PARBATA (PART),,,,
BARABAG,,,,
DAKKHIN MANIPUR,,,,
DAKKHIN PIRERBAG,,,,
MADHYA PIRERBAG,,,,
PASHCHIM MANIPUR,,,,
PURBA MANIPUR,,,,
UTTAR PIRERBAG,,,,
WARD NO. 14 (48) (PART),,,,
SENPARA PARBATA (PART),,,,
PURBA KAZIPARA,,,,
PURBA SENPARA PARBATA,,,,
PURBA SHEWRAPARA,,,,
WARD NO. 14 (PART),,,,
SENPARA PARBATA (PART),,,,
PASHCHIM KAZIPARA,,,,
PASHCHIM SHEWRAPARA,,,,
SENPARA PARBATA (PART),,,,
WARD NO. 15 (PART),,,,
JOAR SAHARA (PART),,,,
BALUGHAT,,,,
DEWANPARA,,,,
MANIKDI,,,,
MATIKATA,,,,
WARD NO. 15 (PART),,,,
LALASARAI,,,,
LALASARAI,,,,
DHAMALKOT,,,,
BHASANTEK,,,,
DHAMALKOT,,,,
WARD NO. 15 (PART),,,,
JOAR SHAHARA (PART),,,,
ALABDIRTEK,,,,
BAIGARTEK,,,,
BARONTEK,,,,
WARD NO. 16 (PART),,,,
KAFRUL (PART),,,,
DAKKHIN KAFRUL,,,,
PURBA KAFRUL,,,,
UTTAR KAFRUL,,,,
IBRAHIMPUR,,,,
DAKKHIN IBRAHIMPUR,,,,
UTTAR IBRAHIMPUR,,,,
WARD NO. 16 (PART),,,,
KAFRUL (PART),,,,
JANATA HOUSING,,,,
PASHCHIM KAFRUL,,,,
PASHCHIM KAFRUL,,,,
WARD NO. 17 (PART),,,,
JOAR SAHARA (PART),,,,
BASUNDHARA,,,,
DAKKHIN KURIL,,,,
KURIL,,,,
MADHYAM KURIL,,,,
UTTAR KURIL,,,,
WARD NO. 17 (PART),,,,
JOARSAHARA (PART),,,,
ALIPARA,,,,
JAGANNATHPUR,,,,
JOARSAHARA BAZAR,,,,
JOARSAHARA KHANPARA,,,,
WARD NO. 17 (PART),,,,
JOAR SAHARA (PART),,,,
CONCORD LAKECITY,,,,
KHILKHET AMTALA,,,,
KHILKHET BATTALA,,,,
KHILKHET BEPARIPARA,,,,
KHILKHET HAJIPARA,,,,
KHILKHET KHANPARA,,,,
KHILKHET MADHYAPARA,,,,
KHILKHET NAMAPARA,,,,
KHILKHET PURBAPARA,,,,
KHILKHET TANPARA,,,,
KHILKHET TILARTEK,,,,
KHILKHET UTTARPARA,,,,
KURATALI,,,,
NIKUNJA-1,,,,
NIKUNJA-2,,,,
WARD NO. 18 (PART),,,,
BHATARA (PART),,,,
BARIDHARA BLOCK-J,,,,
BARIDHARA BLOCK-K,,,,
BASUNDHARA,,,,
KALACHANDPUR,,,,
NADDA,,,,
PASHCHIM SHAHJADPUR,,,,
PURBA SHAHJADPUR,,,,
WARD NO. 18 (PART),,,,
WARD NO. 19 (PART),,,,
BANANI RESIDENTIAL AREA,,,,
BANANI BLOCK-A,,,,
BANANI BLOCK-B,,,,
BANANI BLOCK-C,,,,
BANANI BLOCK-D,,,,
BANANI BLOCK-E,,,,
BANANI BLOCK-F,,,,
BANANI BLOCK-G,,,,
BANANI BLOCK-H,,,,
BANANI BLOCK-I,,,,
BANANI BLOCK-J,,,,
BANANI BLOCK-K,,,,
BANANI COMMERCIAL AREA,,,,
CHAIRMANBARI,,,,
WARD NO. 19 (PART),,,,
GULSHAN ABASIK ELAKA,,,,
GULSHAN CENTRAL,,,,
DAKKHIN PASHCHIM,,,,
GULSHAN CENTRAL,,,,
DAKKHIN PURBA,,,,
GULSHAN CENTRAL,,,,
PASHCHIM-UTTAR,,,,
GULSHAN CENTRAL PURBA-,,,,
UTTAR,,,,
GULSHAN DAKKHIN,,,,
PASHCHIM,,,,
GULSHAN DAKKHIN PURBA,,,,
GULSHAN UTTAR PASHCHIM,,,,
GULSHAN UTTAR PURBA,,,,
T&T COLONY,,,,
KARAIL,,,,
KARAIL,,,,
WARD NO. 20 (PART),,,,
MAHAKHALI,,,,
BLOCK-GA,,,,
DAKKHINPARA,,,,
ICDDRB (CHOLERA) HOSPITAL,,,,
MAHAKHALI BAZAR,,,,
NIKETAN,,,,
SAATTALA,,,,
T B GATE,,,,
TB HOSPITAL,,,,
WIRELESS,,,,
WARD NO. 21,,,,
BADDA (PART),,,,
DAKKHIN BADDA PASHCHIM,,,,
MADHYA BADDA,,,,
MADHYA BADDA PASHCHIM,,,,
PASHCHIM MERUL,,,,
PASHCHIM UTTAR BADDA,,,,
PURBA MADHYA BADDA,,,,
PURBA MERUL,,,,
PURBA UTTAR BADDA,,,,
WARD NO. 22,,,,
PASHCHIM ULAN,,,,
ASHISH LANE,,,,
BAGICHARTEK,,,,
BANDHUNIBASH,,,,
DASPARA,,,,
JHEELKANAN,,,,
MAHANAGAR PROJECT,,,,
MAKKI MASJID GALI,,,,
NASIRERTEK,,,,
OMAR ALI LANE,,,,
PALASHBAG,,,,
PASHCHIM HAJIPARA,,,,
PASHCHIM RAMPURA,,,,
SHIMULBAG,,,,
ULAN ROAD,,,,
WAPDA ROAD,,,,
ULAN,,,,
ABDULLABAG ROAD,,,,
JAKER ROAD,,,,
JAMTALA ROAD,,,,
KUNJABAN ROAD,,,,
MOLLABARI ROAD,,,,
PURBA RAMPURA,,,,
TITASH ROAD,,,,
TV LINK ROAD,,,,
TV ROAD,,,,
TV TOWER ROAD,,,,
MERADIA,,,,
UTTAR BANASREE,,,,
WARD NO. 23,,,,
SHAHAR KHILGAON (PART),,,,
KHILGAON BLOCK-B,,,,
KHILGAON CHOWDHURYPARA,,,,
KHILGAON TALTALA,,,,
KHILGAON TALTALA,,,,
MOULAVIRTEK,,,,
KHILGAON TALTALA,,,,
NATUNBAG,,,,
KHILGAON TALTALA REAZBAG,,,,
MALIBAG BAZAR ROAD,,,,
MALIBAG CHOWDHURYPARA,,,,
PURBA HAJIPARA,,,,
WARD NO. 24 (37),,,,
TEJGAON SHILPA ELAKA,,,,
BEGUNBARI,,,,
CENTRAL TEJGAON SHILPA,,,,
ELAKA,,,,
CHRISTIANPARA,,,,
DAKKHIN PASHCHIM,,,,
TEJGAON SHILPA ELAKA,,,,
KUNIPARA,,,,
LIGHT IND. DEV. WORKSHOP,,,,
NO.14 TEJGAON,,,,
PASHCHIM TEJGAON,,,,
SHILPA ELAKA,,,,
PWD MAHALLA,,,,
UTTAR TEJGAON SHILPA,,,,
ELAKA,,,,
WARD NO. 25 (38) (PART),,,,
TEJGAON,,,,
ALLENBARI,,,,
ARJATPARA,,,,
CHHAPRA MASHJID,,,,
LICHUBAGAN,,,,
PASHCHIM NAKHALPARA,,,,
PURBA NAKHALPARA,,,,
SHAHEENBAG,,,,
SHIA MAJAR (HAJRAT ALI,,,,
ROAD),,,,
UTTAR PASHCHIM,,,,
NAKHALPARA,,,,
WARD NO. 26 (39),,,,
TEJTURI BAZAR (PART),,,,
PASHCHIM TEJTURI BAZAR,,,,
PURBA TEJTURI BAZAR,,,,
STATION ROAD,,,,
KARWAN BAZAR,,,,
GREEN ROAD (PART),,,,
KARWAN BAZAR,,,,
COMMERCIAL AREA,,,,
KARWAN BAZAR LANE,,,,
KAZI NAZRUL ISLAM AVENUE,,,,
TEJKUNIPARA (BIRUTTAM,,,,
ZIAUR RAHAMAN SARAK),,,,
WARD NO. 27 (40) (PART),,,,
TEJTURI BAZAR (PART),,,,
BIR UTTAM KM SAFIULLAH,,,,
SARAK (GREEN ROAD),,,,
BIR UTTAM ZIAUR,,,,
RAHMAN SARAK,,,,
(GMRAEENNIP RUORAIPDA (RPAA)RT),,,,
MANIPURIPARA,,,,
SAJAL SQURE (TEJTURI,,,,
BAZAR CHAK LANE),,,,
TEJTURI BAZAR CHAK,,,,
TEJTURI BAZAR CHAK LANE,,,,
RAZABAZAR,,,,
PASHCHIM RAZABAZAR,,,,
PURBA RAZABAZAR,,,,
WARD NO. 27 (40) (PART),,,,
SHERE BANGLA NAGAR (PART),,,,
BIR UTTAM AN,,,,
NURUZZAMAN SARAK,,,,
SSHHEERREE  BBAANNGGLLAA  NNAAGGAARR,,,,
WARD NO. 28 (41),,,,
KAFRUL (PART),,,,
AGARGAON NEW COLONY,,,,
KARIGARI SHIKKHA BOARD,,,,
STAFF QUARTER,,,,
PASHCHIM AGARGAON,,,,
PURBA AGARGAON,,,,
SHYAMALI ROAD NO. 1,,,,
SHYAMALI ROAD NO. 2,,,,
SHYAMALI ROAD NO. 3,,,,
SHYAMALI ROAD NO. 4,,,,
SHYAMALIBAG,,,,
TALTALA GOVT. COLONY,,,,
WARD NO. 29 (42),,,,
MOHAMMADPUR,,,,
RESIDENTIAL AREA,,,,
AZIZ MAHALLA,,,,
BIJLEE MAHALLA,,,,
JAHURI MAHALLA,,,,
MOHAMMADPUR BLOCK-C,,,,
TAJMAHAL ROAD,,,,
MOHAMMADPUR BLOCK-F,,,,
SHAHJAHAN ROAD,,,,
TAJMAHAL ROAD,,,,
TIKKAPARA,,,,
WARD NO. 30 (43),,,,
UTTAR ADABAR,,,,
ADARSHA CHHAYANEER,,,,
HOUSING,,,,
ALIF HOUSING,,,,
BAITUL AMAN HOUSING,,,,
BERIBANDH,,,,
COMFORT HOUSING,,,,
DHAKA HOUSING,,,,
EASTERN HOUSING,,,,
GOLDEN STREET,,,,
HOLY LANE,,,,
HOSNABAD ESTATE,,,,
HOSSAIN HOUSING,,,,
IBNESINA HOUSING,,,,
MEHEDIBAG HOUSING,,,,
MOHANPUR,,,,
MONSURABAD HOUSING,,,,
SUNIBIR HOUSING,,,,
UNIQUE HOUSING,,,,
UTTAR ADABAR,,,,
RAMCHANDRAPUR,,,,
AKKAS REAL ESTATE,,,,
DHAKA UDYAN,,,,
EKATA HOUSING,,,,
MAFIZBAG HOUSING,,,,
NABINAGAR HOUSING,,,,
NABODAY HOUSING,,,,
PANTHASHALA HOUSING,,,,
PISCICULTURE HOUSING,,,,
BLOCK-KHA,,,,
PROMINENT HOUSING,,,,
PROVATI HOUSING,,,,
RAFIQUE HOUSING,,,,
SHYAMALI HOUSING,,,,
SHYAMALI HOUSING 2ND,,,,
PROJECT,,,,
TURAG HOUSING,,,,
ADABA CHAK,,,,
JANATA HOUSING,,,,
PROBAL HOUSING,,,,
WARD NO. 31 (44),,,,
MOHAMMADPUR (PART),,,,
ASAD AVENUE,,,,
AURANGAZEB ROAD,,,,
AZAM ROAD,,,,
BANSHBARIA,,,,
KAZI NAZRUL ISLAM ROAD,,,,
NOORJAHAN ROAD,,,,
RAZIA SULTANA ROAD,,,,
SAHEED SALIMULLAH ROAD,,,,
SHAHJAHAN ROAD,,,,
SHER SHAH SURI ROAD,,,,
TAJMAHAL ROAD,,,,
ZAKIR HOSSAIN ROAD,,,,
WARD NO. 32 (45),,,,
LALMATIA R /A,,,,
LALMATIA BLOCK-A (BIR,,,,
UTTAM KHALED,,,,
MOSHARAF SARAK,,,,
LALMATIA BLOCK-B,,,,
LALMATIA BLOCK-C,,,,
LALMATIA BLOCK-D,,,,
LALMATIA BLOCK-E,,,,
LALMATIA BLOCK-F,,,,
LALMATIA BLOCK-G,,,,
MOHAMMADPUR (PART),,,,
ASAD AVENUE,,,,
AURANGAZEB ROAD,,,,
BABAR ROAD,,,,
BIR UTTAM,,,,
A.N.NURUZZAMAN SARAK,,,,
GAZNABI ROAD,,,,
HUMAYUN ROAD,,,,
IQBAL ROAD,,,,
KHILZI ROAD,,,,
MOHAMMADPUR COLONY,,,,
BLOCK-B,,,,
MOHAMMADPUR,,,,
HOUSING COOPERATIVE,,,,
SROESCIIDEETNY TLITADL.  MBLOODCEKL- KA,,,,
SCHOOL AND COLLEGE,,,,
SAIRRE SAYED ROAD,,,,
WARD NO. 33 (46) (PART),,,,
KATASUR,,,,
ANINDA HOUSING,,,,
ARAM MODEL TOWN,,,,
ARAM PROPERTY,,,,
BANSHBARI,,,,
BASILA,,,,
BASILA CITY DEVELOPERS,,,,
BASILA GARDEN CITY,,,,
BASILA MODEL TOWN,,,,
BASILA ROAD,,,,
DAYAL HOUSING,,,,
FUTURE TOWN,,,,
GREEN VIEW HOUSING,,,,
KADERABAD HOUSING,,,,
LATIF REAL ESTATE,,,,
SAIKAT HOUSING,,,,
SAMRAT REAL ESTATE,,,,
SATMASJID GRIHANIRMAN,,,,
SAMABAY SAMITI,,,,
SHAHJALAL HOUSING,,,,
SHAILI GRIHANIRMAN,,,,
SAMABAY SAMITY LTD.,,,,
SWAPNADHARA HOUSING,,,,
SWAPNANEER HOUSING,,,,
WASHPUR,,,,
RAMCHANDRAPUR,,,,
CHAND UDYAN,,,,
CHANDRIMA MODEL TOWN,,,,
CHANMIA HOUSING,,,,
DHAKA REAL ESTATE,,,,
DHAKA UDYAN,,,,
RESIDENTIAL AREA,,,,
EKATA HOUSING,,,,
MOHAMMADPUR,,,,
HOUSING LTD.,,,,
MOHAMMADPUR,,,,
HOUSING SOCIETY,,,,
NABINAGAR PROJECT,,,,
NABODAY HOUSING BLOCK-C,,,,
ADABACHAK,,,,
JAPAN GARDEN CITY,,,,
SARAI JAFARABAD (PART),,,,
JAFARABAD (PART),,,,
WARD NO. 34 (47) (PART),,,,
SARAI JAFARABAD (PART),,,,
JAFARABAD,,,,
MADHUBAZAR,,,,
PASHCHIM DHANMONDI,,,,
PASHCHIM JAFARABAD,,,,
PURBA JAFARABAD,,,,
SULTANGANJ,,,,
PURBA RAYERBAZAR,,,,
SHANKAR,,,,
SULTANGANJ,,,,
WARD NO. 35 (54),,,,
BARA MAGBAZAR,,,,
AAMBAGAN,,,,
BANGLAMOTOR (PART),,,,
BARA MAGBAZAR,,,,
CHAIRMAN GALI,,,,
DAKTAR GALI,,,,
DILU ROAD,,,,
GAUSNAGAR,,,,
GREENWAY (PART),,,,
JAHANBAKS LANE GABTALA,,,,
NAYATOLA (PART),,,,
NEW CIRCULAR ROAD,,,,
NEW ESKATAN,,,,
PEARABAG,,,,
WIRELESS RAILGATE,,,,
WARD NO. 36 (55),,,,
SIDDHESHWARY (PART),,,,
GREENWAY MAGBAZAR,,,,
(PART),,,,
MADHUBAG,,,,
MALIBAG BAGANBARI,,,,
MALIBAG DIT ROAD (PART),,,,
MIRBAG,,,,
NAYATOLA (PART),,,,
SONALIBAG,,,,
WARD NO. 37,,,,
BEPARIPARA,,,,
DAUKANDI,,,,
LOHARTEK,,,,
MADHYABADDA,,,,
MOLLAPARA,,,,
POST OFFICE ROAD,,,,
TEKPARA BADDA,,,,
SEKANDARBAG,,,,
SONAKATRA,,,,
WARD NO. 38,,,,
BADDA (PART),,,,
HAJIPARA,,,,
ABDULLAHBAG,,,,
MICHHRITOLA,,,,
MADDYAPARA MOLLAPARA,,,,
MOLLAPARA ADARSHANAGAR,,,,
UTTAR BADDA PURBAPARA,,,,
UTTAR BADDA BAWALIPARA,,,,
SUTIBHOLA (PART),,,,
MAYNARTEK,,,,
WARD NO. 39 (PART),,,,
SUTIBHOLA (PART),,,,
KHILBARIRTEK PASHCHIM,,,,
KHILBARIRTEK PURBA,,,,
WARD NO. 39 (PART),,,,
BHATARA (PART),,,,
NURERCHALA PURBA,,,,
NURERCHALA PASHCHIM,,,,
WARD NO. 40,,,,
BHATARA (PART),,,,
BHATARA,,,,
CHHOLMAID,,,,
NAYANAGAR DAKKHIN,,,,
NAYANAGAR UTTAR,,,,
WARD NO. 41,,,,
SATARKUL,,,,
BHANGARTEK,,,,
MERULKHOLA,,,,
MAGARDIA,,,,
PANCHKHOLA,,,,
SATARKUL DAKKHINPARA,,,,
SATARKUL PUKURPARA,,,,
SATARKUL TALTALA,,,,
SATARKUL UTTARPARA,,,,
SUTIBHOLA (PART),,,,
PASHCHIM PADARIA,,,,
PURBA PADARDIA,,,,
WARD NO. 42,,,,
BARA BERAID,,,,
BARA BERAID AGARPARA,,,,
BARA BERAID ARADDAPARA,,,,
ASHKARTEK,,,,
BHUIYANPARA,,,,
CHANDARTEK,,,,
CHATKIPARA,,,,
CHINADIPARA,,,,
MORALPARA,,,,
PURBAPARA,,,,
RISHIPARA,,,,
CHHOTA BERAID,,,,
DAGARDIA,,,,
PANCHDIRTEK,,,,
NIGUR APLAID,,,,
NIGUR APLAID (FAKIRKHALI),,,,
PASHCHIM HARADIA,,,,
PASHCHIM HARADIA,,,,
PURBA HARADIA,,,,
PURBA HARADIA,,,,
WARD NO. 43,,,,
KANTHALDIA,,,,
AMDIA,,,,
BAGDIA,,,,
KANTHALDIA,,,,
DHELNA,,,,
DHELNA DAKKHINPARA,,,,
DHELNA PURBAPARA,,,,
DHELNA UTTARPARA,,,,
DUMNI,,,,
DUMNI AHABARPARA,,,,
(PINKCITY),,,,
DUMNI BANGLAPARA,,,,
DUMNI BARUDIARTEK,,,,
DUMNI KHALEDPARA,,,,
DUMNI NAYAPARA,,,,
DUMNI SHALDIPARA (PINK,,,,
CITY),,,,
DUMNI TEKPARA,,,,
MASTUL,,,,
MASTUL BHUIYANPARA,,,,
(UTTARPARA),,,,
MASTUL KHANPARA,,,,
(BAKPARA),,,,
MASTUL PASHCHIMPARA,,,,
PATIRA,,,,
PATIRA AHALIAPARA,,,,
PATIRA BHUIYANPARA,,,,
PATIRA DAKKHIN PURBAPARA,,,,
PATIRA JADURTEK,,,,
PATIRA KAFILABARI,,,,
PATIRA LENGARTEK,,,,
PATIRA MADHYAPARA,,,,
PATIRA PASHCHIMPARA,,,,
PATIRA PURBAPARA,,,,
PATIRA RHISHIPARA,,,,
PATIRA SONARTEK,,,,
TALNA,,,,
NAKUNI,,,,
PURBA TALNA (BATENBARI),,,,
TALNA DAKKHINPARA,,,,
MOINJARTEK,,,,
TALNA PASHCHIMPARA,,,,
TALNA PURBAPARA,,,,
TALNA UTTARPARA,,,,
WARD NO. 44,,,,
BAOTHAR,,,,
BAOTHAR,,,,
CHANDAI,,,,
BETULI,,,,
UTTARKHAN (PART),,,,
AKTARTEK,,,,
BHARARDI,,,,
DOBADIA,,,,
KARIMERBAG,,,,
PORADIA,,,,
RATUTI,,,,
WARD NO. 45,,,,
UTTARKHAN (PART),,,,
UTTARKHAN (DAKKHIN PART),,,,
UTTARKHAN (UTTAR PART),,,,
WARD NO. 46,,,,
GOBINDAPUR,,,,
GOBINDAPUR,,,,
KHUNJURDIA,,,,
KUMUDKHOLA,,,,
SAOARTEK,,,,
MAUSAID,,,,
MAUSAID,,,,
NINNIRCHAK,,,,
NINNIRTEK,,,,
NAYAKHOLA,,,,
NAYAKHOLA,,,,
UJANPUR,,,,
UJANPUR,,,,
UTTARKHAN (PART),,,,
BABURPARA,,,,
BARABAG,,,,
BATULIA,,,,
CHANDAPARA,,,,
MAINARTEK,,,,
MUNDA,,,,
OJAPARA,,,,
PULARTEK,,,,
RAJABARI,,,,
WARD NO. 47,,,,
ABDULLAHPUR,,,,
COATBARI,,,,
FAYDABAD,,,,
FAYDABAD,,,,
MOSHAIR,,,,
CHALABAN,,,,
MOSHAIR,,,,
WARD NO. 48,,,,
ANUL,,,,
ANAL,,,,
BARUA,,,,
BARA BARUA,,,,
BARUA BAGANBARI,,,,
BARUA CHOUKIDARBARI,,,,
BARUA DAKKHINPARA,,,,
BARUA DEWANPARA,,,,
BARUA GOALBARI,,,,
BARUA GOBARIAPARA,,,,
BARUA GOSAINBARI,,,,
BARUA HAJI BARI,,,,
BARUA KAZIPARA,,,,
BARUA LAHANIAPARA,,,,
BARUA LENGJANIPARA,,,,
BARUA MAJHPARA,,,,
BARUA MOLLA BARI,,,,
BARUA PANCHKANI,,,,
BARUA PARULIA,,,,
BARUA PASHCHIMPARA,,,,
BARUA PURBAPARA,,,,
BARUA RAJPARA,,,,
BARUA SABDAPARA,,,,
BARUA SHEIKHBARI,,,,
BARUA SHILANPARA,,,,
BARUA SIKDERBARI,,,,
BARUA UTTARPARA,,,,
DAKKHINKHAN (PART),,,,
DAKKHINKHAN,,,,
HALAN,,,,
JAMUN,,,,
SONAR KHOLA,,,,
WARD NO. 49,,,,
DAKKHINKHAN (PART),,,,
ASHKONA,,,,
GAWAIR,,,,
KAOLAR,,,,
WARD NO. 50,,,,
DAKKHINKHAN (PART),,,,
IRSHAL,,,,
MOLLARTEK,,,,
PURAKAR,,,,
AZAMPUR,,,,
WARD NO. 51,,,,
BAILIJURI (PART),,,,
SECTOR-13,,,,
SECTOR-14,,,,
SECTOR-11,,,,
SECTOR-12,,,,
WARD NO. 52,,,,
BAILJURI (PART),,,,
BAILJURI,,,,
PAKURIA,,,,
BAUNIA (PART),,,,
AHALIA,,,,
BADALDI,,,,
BAHALIPARA,,,,
BAUNIA,,,,
CHANDURA,,,,
MANDURA,,,,
SHOLAHATI,,,,
TAFALIA,,,,
ULUDAHA,,,,
WARD NO. 53,,,,
CHANDALBHOG,,,,
CHANDALBHOG,,,,
DIABARI,,,,
DIABARI,,,,
DHOUR (PART),,,,
BAMNARTEK,,,,
NALBHOG,,,,
DORANGARTEK,,,,
NALBHOG,,,,
NAYANAGAR,,,,
RANABHOLA (PART),,,,
FULBARIA,,,,
RANABHOLA,,,,
WARD NO. 54,,,,
ASHUTIA,,,,
ASHUTIA,,,,
BHATULIA,,,,
BHATULIA,,,,
GRAM BHATULIA,,,,
GRAM BHATULIA,,,,
DHOUR (PART),,,,
DHOUR,,,,
KAMARPARA (PART),,,,
KAMARPARA,,,,
KALIARTEK,,,,
KHAYERTEK,,,,
RAJABARI,,,,
RAJABARI,,,,
ROSHADIA (PART),,,,
ROSHADIA,,,,
WARD NO. 98 (PART),,,,
(RESTRICTED AREA),,,,
WARD NO. 98 (PART),,,,
(RESTRICTED AREA),,,,
KAFRUL (PART),,,,
RAJANIGANDHA BAZAR AREA,,,,
MAHAKHALI DOHS AREA,,,,
SHAHINBAG AREA,,,,
AIRFORCES STAFF,,,,
QUARTER AREA,,,,
PARADE GROUND AREA,,,,
BAF BASE BASHAR AREA,,,,
BAF SAUDI COLONY AREA,,,,
BIRSHRESHTHA SHAHEED,,,,
CAPTAIN JAHANGIRGAT,,,,
EREA,,,,
DGDP AREA,,,,
13 MP UNIT AREA,,,,
RAJANIGANDHA OFFICERS,,,,
RESIDENTIAL AREA,,,,
SSF OFFICERS MESS AREA,,,,
TAJGAON BAF OFFICERS,,,,
RESIDENTIAL AREA,,,,
TEJGAON BAF SHAHIN,,,,
COMPLEX AREA,,,,
TRANBHANDAR AREA,,,,
NAGAR & KHOSHKHANA,,,,
AIRFORCE RESIDENTIAL AREA,,,,
ARMY AVIATION QUARTER,,,,
AREA,,,,
TEJTURI BAZAR (PART),,,,
ARMY MUSEUM AREA,,,,
TEJKUNIPARA (PART),,,,
SHAHINBAG AREA,,,,
AIRFORCES STAFF,,,,
QUARTER AREA,,,,
DRUM FACTORY MOSQUE,,,,
AREA,,,,
PRIMEMINISTERS OFFICE,,,,
ROADS AND HIGHWAYS,,,,
DIVISION ALLENBARI AREA,,,,
TRUST FILLING STATION AREA,,,,
MAHAKHALI (PART),,,,
MAHAKHALI DOHS AREA,,,,
AGS COMPLEX AREA,,,,
ARJATPARA AREA,,,,
PHILIPS COMPANY AREA,,,,
RAOWA CLUB AREA,,,,
TOBACCO COMPANY AREA,,,,
SHAHINBAG AREA,,,,
CHHOTA MAGBAZAR (PART),,,,
46 INDEPENDENT,,,,
INFANTRY BRIGADE AREA,,,,
TOBACCO COMPANY AREA,,,,
MAHAKHALI DOHS AREA,,,,
LALASARAI (PART),,,,
ADAMJEE CANTONMENT,,,,
SCHOOL AND COLLEGE,,,,
AREA,,,,
AFMSD AREA,,,,
AZIZ PALLI OFFICERS,,,,
RESIDENTIAL AREA,,,,
RAJANIGANDHA BAZAR AREA,,,,
SENAPALLI RESIDENTIAL,,,,
AREA,,,,
BANANI DOHS AREA,,,,
KURMITOLA GOLF CLUB AREA,,,,
NIRJHAR RESIDENTIAL AREA,,,,
BIMAN BHABAN AREA,,,,
BNS HAJI MAHSIN AREA,,,,
CANTONMENT BOARD,,,,
OFFICE AREA,,,,
CANTONMENT,,,,
RESIDENTIAL AREA,,,,
CMES AREA,,,,
DGFI HEAD QUARTER AREA,,,,
E-IN-CS RESIDENTIAL AREA,,,,
KACHUKKHET PURAN,,,,
BAZAR AREA,,,,
LOGISTICS HED QUARTER AREA,,,,
MUSLIM MODERN,,,,
ACADEMY AREA,,,,
OFFICERS MESS,,,,
POST OFFICE AREA,,,,
POST OFFICE OFFICERS,,,,
RESIDENTIAL AREA,,,,
SAILOR COLONY AREA,,,,
MIRPUR-14,,,,
SENABHABAN AREA,,,,
SHAHEED ANWAR GIRLS,,,,
SCHOOL AND COLLEGE,,,,
SAHRAEHAEED MOINUL ROAD AREA,,,,
SHAHEED YUSUF ROAD,,,,
RESIDENTIAL AREA,,,,
SHIKHA ANIRBAN AREA,,,,
SONALI BANK AREA,,,,
STATION HEADQUARTER AREA,,,,
IBRAHIMPUR (PART),,,,
SENAPALLI RESIDENTIAL,,,,
AREA,,,,
DHAMALKOAT (PART),,,,
SHAHEED BASHAR ROAD AREA,,,,
ARMY HEAD QUARTER AREA,,,,
BANANI OFFICERS,,,,
RESIDENTIAL AREA,,,,
ARMY STADIUM AREA,,,,
COD AREA,,,,
ORDNANCE ESTATE,,,,
OFFICERS RESIDENTIAL,,,,
KAURREMA ITOLA GOLF CLUB AREA,,,,
ARMY MP UNIT AREA,,,,
CANTOMENT CENTRAL,,,,
MOSQUE AREA,,,,
CSD FILLING STATION AREA,,,,
SENAKUNJA AREA,,,,
SHAHEED BELAYET ROAD AREA,,,,
SAMAIR,,,,
NAVAL HED QUARTER AREA,,,,
BANANI GRAVEYARD AREA,,,,
14 INDEPENDENT,,,,
ENGINEERING BRIGADE,,,,
ARMY STADIUM AREA,,,,
PGR AREA,,,,
BANANI OFFICERS,,,,
RESIDENTIAL AREA,,,,
COD AREA,,,,
ORDNANCE ESTATE,,,,
OFFICERS RESIDENTIAL,,,,
BAHREAATARA (PART),,,,
BARIDHARA DOHS AREA,,,,
JOARSAHARA (PART),,,,
ARMED FORCES MEDICAL,,,,
COLLEGE AREA,,,,
ARMY GULF GROUND AREA,,,,
ARMY OFFICERS MESS,,,,
BAF BANGABANDHU,,,,
OFFICERS RESIDENTIAL,,,,
NARIREJAHAR RESIDENTIAL AREA,,,,
BARIDHARA DOHS AREA,,,,
SHAHEED BASHAR ROAD AREA,,,,
CIVIL AVIATION AREA,,,,
ARMY ST BATTALION AREA,,,,
ARMY TRANSIT CAMP AREA,,,,
BAF BANGABANDHU,,,,
OFFICE AREA,,,,
BAF BASE BANGABANDHU,,,,
OFFICE AREA,,,,
BAF SHAHIN SCHOOL AND,,,,
COLLEGE AREA,,,,
BSD AREA,,,,
86 INDEPENDENT SIGNAL,,,,
BRIGADE AREA,,,,
CANTONMENT GIRLS,,,,
PUBLIC SCHOOL AND,,,,
COLLEGE AREA,,,,
CANTONMENT RAIL,,,,
STATION AREA,,,,
CMH AREA,,,,
CMTD AREA,,,,
HOTEL RADISSON AREA,,,,
ISSB AREA,,,,
KURMITOLA GENERAL,,,,
HOSPITAL AREA,,,,
MANIKDI ADARSHA,,,,
BIDYANIKETAN AREA,,,,
MES RESIDENTIAL AREA,,,,
OFFICERS MESS,,,,
RAMIJUDDIN SCHOOL AND,,,,
COLLEGE AREA,,,,
SHAHEED MANNAN LINE AREA,,,,
SHAHEED MOSTAFA,,,,
KAMAL LINE AREA,,,,
SIGNAL MOSQUE AREA,,,,
ZIA COLONY AREA,,,,
BAUNIA (PART),,,,
BAF BANGABANDHU,,,,
AIRMAN RESIDENTIAL AREA,,,,
CIVIL AVIATION AREA,,,,
MIRPUR DOHS AREA,,,,
BAF BANGABANDHU,,,,
OFFICERS RESIDENTIAL,,,,
DARAEKAKHINKHAN,,,,
CIVIL AVIATION AREA,,,,
SOLPUR,,,,
CIVIL AVIATION AREA,,,,
MERUL,,,,
NDC AREA,,,,
OFFICERS RESIDENTIAL AREA,,,,
CHAKULI (PART),,,,
CANTONMENT PUBLIC,,,,
SCHOOL AND COLLEGE,,,,
MAREESA RESIDENTAL AREA,,,,
CHAKDWIGUN,,,,
MIRPUR DOHS AREA (PART),,,,
DWIGUN,,,,
BUP AREA,,,,
DSCSC AREA,,,,
36 INDEPENDENT ADA,,,,
BRIGADE AREA,,,,
37 INDEPENDENT ADA,,,,
BRIGADE AREA,,,,
FIRING RANGE AREA,,,,
MIST AREA,,,,
JURAIN (PART),,,,
7 RE BATALIAN AREA,,,,
ALIBAHAR,,,,
5 RE BATALIAN AREA,,,,
DHAMRAI,,,,
AMTA,,,,
AG JETHAIL,,,,
AG JETHAIL,,,,
AMTA,,,,
AMTA,,,,
JOAR AMTA,,,,
BARA NARAYANPUR,,,,
BARA NARAYANPUR,,,,
NAYACHAR,,,,
BAUKHANDA,,,,
BAUKHANDA,,,,
DAKATMARA,,,,
JAGATNAGAR,,,,
SHIALUPARA,,,,
JETHAIL,,,,
JETHAIL,,,,
KANCHA RAJAPUR,,,,
KANCHA RAJAPUR,,,,
NANDESHWARI,,,,
NANDESHWARI,,,,
BAISHAKANDA,,,,
ANALIAKHOLA,,,,
ANALIAKHOLA,,,,
BAGMARA,,,,
BAGMARA,,,,
BAISHAKANDA,,,,
BAISHAKANDA,,,,
BAUTIA,,,,
BAUTIA,,,,
BERASH,,,,
BERASH,,,,
BHORAIL,,,,
BHORAIL,,,,
BIL BAUTIA,,,,
BIL BAUTIA,,,,
CHANDIPUR,,,,
CHANDIPUR,,,,
CHANDISHWAR,,,,
CHANDISHWAR,,,,
GAYRAKUL,,,,
GAYRAKUL,,,,
GOLAKANDA,,,,
GOLAKANDA,,,,
JAMIRABARI,,,,
JAMIRABARI,,,,
KACHHAIR,,,,
KACHHAIR,,,,
KADAMTALI,,,,
KADAMTALI,,,,
KANDAPATAL KHOLABARI,,,,
KANDAPATAL,,,,
KHOLABARI,,,,
MADANDIA,,,,
RAGHUNATHPUR,,,,
KHAGAIL,,,,
DAKKHIN KHAGAIL,,,,
UTTAR KHAGAIL,,,,
LAMBODHAR,,,,
BAGHAIR,,,,
MANGALBARI,,,,
MANGALBARI,,,,
PATAL,,,,
PATAL,,,,
SHWALPA KACHHAIR,,,,
SINGSREE,,,,
SINGSREE,,,,
TERADANA,,,,
TERADANA,,,,
UTTAR PAICHHAIL,,,,
UTTAR PAICHHAIL,,,,
UTTAR RAMNAGAR,,,,
BALIA,,,,
BALIA,,,,
BALIA,,,,
PURBA BALIA,,,,
BHABANHATI,,,,
BHABANHATI,,,,
BIL PALLAI,,,,
BIL PALLAI,,,,
NAYACHAR,,,,
DUNIGRAM,,,,
DUNIGRAM,,,,
HIJALIKHOLA,,,,
HIJLIKHOLA,,,,
INDARA,,,,
INDARA,,,,
JANGALIA,,,,
JANGALIA,,,,
KAMARPARA,,,,
KAMARPARA,,,,
KHAGUTIA,,,,
KHAGUTIA,,,,
MADARPUR,,,,
MADARPUR,,,,
PABRAIL,,,,
PABRAIL,,,,
PASHCHIM BAICHAIL,,,,
BAICHAIL,,,,
PASHCHIM SUTRAPUR,,,,
SUTRAPUR,,,,
RAMRABAN,,,,
PRATYASHA,,,,
RAMRABAN,,,,
SUNDAR KANTHALIA,,,,
SUNDAR KANTHALIA,,,,
TELIGAON,,,,
TELIGAON,,,,
TETAIL,,,,
TETAIL,,,,
UTTAR BASTA,,,,
BANERCHAR,,,,
BASTA,,,,
BASTA ADARSHAGRAM,,,,
BHARARIA,,,,
BAISHTABDIA,,,,
BAISHTABDIA,,,,
BARA BANGALPARA,,,,
BARA BANGALPARA,,,,
BARA PAICHHAIL,,,,
BARA PAICHHAIL,,,,
BHARARIA,,,,
BANMILA,,,,
BHARARIA,,,,
GAZIPUR,,,,
CHANDRAPARA,,,,
CHANDRAPARA,,,,
DIABARI,,,,
JUGIPARA,,,,
CHHOTA BANGALPARA,,,,
CHHOTA BANGALPARA,,,,
DAKKHIN DIGHALGRAM,,,,
DAKKHIN DIGHALGRAM,,,,
DAKKHIN SAGAR,,,,
GACHHUABARI,,,,
GACHHUABARI,,,,
HATIPARA,,,,
HATIPARA,,,,
HIJAL ATIA,,,,
HIJAL ATIA,,,,
KAKRAN,,,,
BANIAPARA,,,,
HALUABARI,,,,
KAKRAN,,,,
PHULTALA,,,,
KATABAI,,,,
KATABAI,,,,
MALANCHA,,,,
GUNTAIL,,,,
MALANCHA,,,,
MANDARCHAP,,,,
MARAMDALI,,,,
MARAMDALI,,,,
MORA,,,,
MORA,,,,
PURBA PAIKPARA,,,,
PAIKPARA,,,,
RUPAPATI,,,,
RUPAPATI,,,,
SHOLABARI,,,,
SHOLABARI,,,,
SAEEDPARA,,,,
SAEEDPARA,,,,
TENTULIA,,,,
TENTULIA,,,,
UTTAR DIGHALGRAM,,,,
UTTAR DIGHALGRAM,,,,
CHOUHAT,,,,
ATULLA LAKKHIDIA,,,,
ATULLA LAKKHIDIA,,,,
ATULLA MANOHARPUR,,,,
ATULLA MANOHARPUR,,,,
BAMANGAON,,,,
BAMANGAON,,,,
BANGALA,,,,
BANGALA,,,,
BHAKULIA,,,,
BARA BHAKULIA,,,,
CHHOTA BHAKULIA,,,,
CHOUHAT,,,,
CHAKPARA,,,,
CHAR CHOUHAT,,,,
CHOUHAT,,,,
DHULAT,,,,
DHULAT,,,,
DHULJURI,,,,
DHULJURI,,,,
DWIMUKHA,,,,
BHANGABARI,,,,
DWIMUKHA,HOUSING,,,
KANAINAGAR,,,,
JHIKUTIA,,,,
JHIKUTIA,,,,
MAKIMPUR,,,,
MAKIMPUR,,,,
NIKLA,B,C,D,E)
MUNSIRCHAR,,,,
NAYACHAR,,,,
PANCHLAKKHI,,,,
PANCHLAKKHI,,,,
PASHCHIM PAIKPARA,,,,
JHIKATIA,,,,
PASHCHIM PAIKPARA,,,,
RAJAPUR,,,,
RAJAPUR,,,,
SANDHITARA,,,,
SANDHITARA,,,,
UTTAR PARAGAON,,,,
UTTAR PARAGAON,,,,
UTTAR SHIBPUR,,,,
UTTAR SHIBPUR,,,,
DHAMRAI,,,,
CHHOTA IKURIA,,,,
CHHOTA IKURIA,,,,
CHHOTA ASHULIA,,,,
CHHOTA ASHULIA,,,,
DEMRAN,,,,
DEMRAN,,,,
HAJIPUR,,,,
PASHCHIM HAJIPUR,,,,
PURBA HAJIPUR,,,,
IKURIA,,,,
BARA IKURIA,,,,
NIMARTEK,,,,
JANARDANPUR,,,,
JANARDANPUR,,,,
SWARNAKHALI,,,,
SHARIFBAG (PART),,,,
SHARIFBAG,,,,
GANGUTIA,,,,
ABU SYED,,,,
ABU SYED,,,,
ARJUN NALAI,,,,
ARJUN NALAI,,,,
BARABARIA,,,,
BARABARIA,,,,
GANDULIA,,,,
CHARIPARA,,,,
CHARIPARA,,,,
CHARIPARA ADARSHAGRAM,,,,
DAKKHIN HATKORA,,,,
DAKKHIN BASTA,,,,
DAKKHIN BASTA,,,,
DATTA NALAI,,,,
DATTA NALAI,,,,
GABARPARA,,,,
GABARPARA,,,,
GABARPARA ADARSHAGRAM,,,,
GANGUTIA,,,,
GANGUTIA,,,,
HATKORA,,,,
DAKKHIN HATKORA,,,,
HATKORA,,,,
KAWAKHOLA,,,,
JALSA,,,,
BALIAPARA JALSA,,,,
BASIBIL JALSA,,,,
JALSA,,,,
NAYAPARA JALSA,,,,
PASHCHIMPARA JALSA,,,,
KASATALI,,,,
KASHTIPUR,,,,
BAGBARI JALSA,,,,
DAKKHIN KAWALIPARA,,,,
KASHTIPUR,,,,
KAWALIPARA,,,,
BARA HISYA JALSHA,,,,
UTTAR KAWALIPARA,,,,
KRISHNAPURA,,,,
BARABARIA,,,,
KRISHNAPURA,,,,
MAKDUMPARA,,,,
MARAPARA,,,,
MARAPARA,,,,
BARA NALAI,,,,
KAWAKHOLA,,,,
BARA NALAI,,,,
PARUHALA,,,,
LALITNAGAR,,,,
PARUHALA,,,,
RAKKHIT PARUHALA,,,,
RAKKHIT PARUHALA,,,,
JADABPUR,,,,
AMCHHIMUR,,,,
AMCHHIMUR,,,,
AMRAIL,,,,
AMRAIL,,,,
ATIGAON,,,,
ATIGAON,,,,
BANSHKOTA,,,,
BANSHKOTA,,,,
BHAGYESHWARI,,,,
BHAGYESHWARI,,,,
BIL KUSHNAI,,,,
BIL KUSHNAI,,,,
BIL SHURA,,,,
BIL SHURA,,,,
CHUNNA,,,,
CHUNNA,,,,
DAKKHIN PANCHASH,,,,
DAKKHIN PANCHASH,,,,
DELUTIA,,,,
DELUTIA,,,,
DHANTARA,,,,
DHANTARA,,,,
GAONTARA,,,,
GAONTARA,,,,
GARUGRAM,,,,
BHATKURA,,,,
GAJARIA,,,,
GARUGRAM,,,,
GOKHURA,,,,
GOKHURA,,,,
GOMGRAM,,,,
BANERCHAR,,,,
GOMGRAM,,,,
JADABPUR,,,,
JADABPUR,,,,
KHALBERA,,,,
KHALBERA,,,,
KUMARHATI,,,,
KUMARHATI,,,,
PANCH BANSHKOTA,,,,
PANCH BANSHKOTA,,,,
PANCHLAKKHI,,,,
PANCHLAKKHI,,,,
PUKHARIA,,,,
PUKHARIA,,,,
RAMBHADRAPARA,,,,
RAMBHADRAPARA,,,,
SAKRAIL,,,,
SAKRAIL,,,,
SHAITTA,,,,
SHAITTA,,,,
UTTAR PANCHASH,,,,
UTTAR PANCHASH,,,,
KULLA,,,,
BAGHARAN,,,,
BAGHARAN,,,,
BARA CHANDRAIL,,,,
BARA CHANDRAIL PASHCHIMPARA,,,,
BARA CHANDRAIL PURBAPARA,,,,
BARA KAIR,,,,
BARA KAIR,,,,
CHAULAIL,,,,
BARA KUSHIARA,,,,
BARA KUSHIARA,,,,
BARDAIL,,,,
BARDAIL,,,,
RUPNAGAR,,,,
BARILYA,,,,
BARILYA,,,,
BASAI,,,,
BASAI,,,,
BIJASIN,,,,
CHHOTA KUSHIARA,,,,
CHOUTAIL,,,,
CHOUTAIL,,,,
DELI GANGAIL,,,,
DELI GANGAIL,,,,
FORDNAGAR DWITIYA KHANDA,,,,
FORDNAGAR DAKKHINPARA,,,,
FORDNAGAR UTTARPARA,,,,
KANDAPARA,,,,
IMAM GANGAIL,,,,
IMAM GANGAIL,,,,
KANDAPARA,,,,
KAKNAIL,,,,
KAKNAIL,,,,
KATAR BARILLA,,,,
KATAR BARILLA,,,,
KELIA,,,,
DAKKHIN KELIA,,,,
UTTAR KELIA,,,,
KHATRA,,,,
KULLA,,,,
HIRANADI KULLA,,,,
KULLA,,,,
KUNDAKHOLA,,,,
KUNDAKHOLA,,,,
LARUAKUNDA,,,,
CHARPARA,,,,
LARUAKUNDA,,,,
MAKHULIA,,,,
NATUN MAKHULIA,,,,
PURATAN MAKHULIA,,,,
MAMURA,,,,
MAMURA,,,,
MAMURA JELEPARA,,,,
NAOGAON KAIT,,,,
NAOGAON KAIT,,,,
PALLI,,,,
ARALIA,,,,
PALLI,,,,
PASHCHIM BARIGAON,,,,
BARIGAON UTTARPARA,,,,
PASHCHIM BARIGAON,,,,
PURBA BARIGAON,,,,
PURBA BARIGAON,,,,
SACHHNA,,,,
SACHHNA,,,,
SITI PURBAPARA,,,,
SASTAPUR,,,,
SASTAPUR,,,,
SITI,,,,
SITI,,,,
KUSHURA,,,,
BAINGKHARTALA,,,,
BAINGKHARTALA,,,,
BAINYA,,,,
BAINYA,,,,
BANBARI,,,,
BANBARI,,,,
BANNAKHOLA,,,,
BANNAKHOLA,,,,
BANNAL,,,,
BAINBARI,,,,
BAKCHAR,,,,
BANNAL,,,,
BHURBARIA,,,,
BUCHARBARI,,,,
CHANDRABARI,,,,
KULINDA,,,,
MAIJAIL,,,,
SHAITTABARI,,,,
BEKI GARAIL,,,,
BEKI GARAIL,,,,
BENGROA,,,,
BENGROA,,,,
CHHOTA GOPALPUR,,,,
DAKKHIN PARAGAON,,,,
DAKKHIN PARAGAON,,,,
DALIPARA,,,,
DALIPARA,,,,
DEOKHOLA,,,,
DEOKHOLA,,,,
DURGAPUR GARAIL,,,,
AG GARAIL,,,,
BAGJAN,,,,
DURGAPUR GARAIL,,,,
MADHUDANGA,,,,
RADHANAGAR,,,,
GULAIL,,,,
GULAIL,,,,
HALUAPARA,,,,
HALUAPARA,,,,
HARIDASPUR,,,,
HARIDASPUR,,,,
HATERKANDA,,,,
HATERKANDA,,,,
KAKARMORA,,,,
KANTAHATI,,,,
KANTAHATI,,,,
KANTHALIA,,,,
KANTHALIA,,,,
KASIMNAGAR,,,,
KASIMNAGAR,,,,
KHAGARMORA,,,,
KUNI KUSHURA,,,,
KUNI KUSHURA,,,,
KUSHURA,,,,
HAT KUSHURA,,,,
KUSHURA,,,,
LOCHANKHOLA,,,,
LOCHANKHOLA,,,,
LOHARKHOLA,,,,
LOHARKHOLA,,,,
NABAGRAM,,,,
NABAGRAM,,,,
NATERKHOLA,,,,
NATERKHOLA,,,,
NIMATALI,,,,
NIMATALI,,,,
PANKATTA,,,,
PANKATTA,,,,
PASHCHIM BAUZA,,,,
PASHCHIM BAUZA,,,,
PASHCHIM NARASINGHAPUR,,,,
PASHCHIM NARASINGHAPUR,,,,
PASHCHIM SHULSHULIA,,,,
PASHCHIM SHULSHULIA,,,,
PURBA BAOJA,,,,
PURBA BAICHAIL,,,,
PURBA BAOJA,,,,
PURBA SHULSHULIA,,,,
PURBA SHULSHULIA,,,,
RAMDAIR,,,,
RAMDAIR,,,,
SHAILDHARA,,,,
SHAILDHARA,,,,
SHAKHUA,,,,
SHAKHUA,,,,
SHASAN,,,,
SHASAN,,,,
SREEPUR,,,,
SREEPUR,,,,
TOPERBARI,,,,
TOPERBARI,,,,
NANNAR,,,,
BAJASHAN,,,,
BAJASHAN,,,,
BIL JAMULA,,,,
BIL JAMULA,,,,
DAKKHIN PAICHHAL,,,,
DAKKHIN PAICHHAL,,,,
JALSIN,,,,
JALSIN,,,,
NANNAR,,,,
CHAR CHAUNA,,,,
CHAUNA,,,,
GHORAKANDA,,,,
GOPALKRISHNAPUR,,,,
KALIDASPATTI,,,,
NANNAR,,,,
PASHCHIM GOPALPUR,,,,
PASHCHIM GOPALPUR,,,,
PURBA NAOGAON,,,,
PURBA NAOGAON,,,,
RAGHUNATHPUR,,,,
KANDA KAWALI,,,,
RAGHUNATHPUR,,,,
SHAINPARA,,,,
SHAINPARA,,,,
SHEORAIL,,,,
SHEORAIL,,,,
SHOLAKURA,,,,
SHOLAKURIA,,,,
ULAIL,,,,
KALIDASPATTI,,,,
ULAIL,,,,
ROAIL,,,,
AG ROAIL,,,,
AG ROAIL,,,,
ATIMAITHAL,,,,
ATIMAITHAL,,,,
BAHUTKUL,,,,
BAHUTKUL,,,,
CHAR BARDAIL,,,,
CHAR BARDAIL,,,,
MOHANPUR,,,,
CHAR SUNGAR,,,,
CHAR SUNGAR,,,,
KHARARCHAR,,,,
KHARARCHAR,,,,
KISMAT BHABANIPUR,,,,
KISMAT BHABANIPUR,,,,
MATIAL,,,,
KRISHNANAGAR,,,,
PASHCHIM BHABANIPUR,,,,
PASHCHIM BHABANIPUR,,,,
ROAIL,,,,
DADHIGHATA,,,,
ROAIL,,,,
SENAIL,,,,
SENAIL,,,,
SUNGAR,,,,
FARINGA,,,,
SUNGAR,,,,
SANORA,,,,
BAGDIA,,,,
BAGDIA,,,,
BARA AMARPUR,,,,
BARA AMARPUR,,,,
CHAR KHANDA,,,,
BHALUM,,,,
BATHULI,,,,
BATULIA,,,,
BHALUM,,,,
KALAMPUR BAZAR,,,,
BUTSUHATI,,,,
BUTSUHATI,,,,
CHHOTA NARAYANPUR,,,,
CHHOTA NARAYANPUR,,,,
DAKKHIN NAOHATA,,,,
DAKKHIN NAOHATA,,,,
DEWNAI,,,,
ALOKDIA,,,,
BAICHAIL,,,,
BAOJA,,,,
DEWNAI,,,,
JHAUBADHA,,,,
PATHAHARA,,,,
DHALKUNDA,,,,
DHALKUNDA,,,,
MADHUDANGA,,,,
MOHISHASHI,,,,
MOHISHASHI -2,,,,
MOHISHASHI -I,,,,
PASHCHIM BASNA,,,,
CHANDAKHALI,,,,
PASHCHIM BASNA,,,,
SUICHKHALI,,,,
PURBA BASNA,,,,
KHAGURTA,,,,
PURBA BASNA,,,,
PURBA SHIBPUR,,,,
PURBA SHIBPUR,,,,
SANORA,,,,
SANORA,,,,
SHOLDHAN,,,,
NAYARCHAR,,,,
SHOLDHAN,,,,
UTTAR NAOHATTA,,,,
UTTAR NAWHAT,,,,
UTTAR NAWHAT BAZAR,,,,
SOMBHAG,,,,
BADE GAWAIL,,,,
BADE GAWAIL,,,,
CHAR DAUTIA,,,,
CHAPIL,,,,
CHAPIL,,,,
KANGSHAPATTY,,,,
DATTAKHOLA,,,,
DATTAKHOLA,,,,
DAUTIA,,,,
CHAR DAUTIA,,,,
DAUTIA,,,,
GOALDI,,,,
DEPASHAI,,,,
DEPASHAI,,,,
FUKUTIA,,,,
FUKUTIA,,,,
GAWAIL,,,,
BANESHWAR,,,,
GAWAIL,,,,
JOYPURA,,,,
JOYPURA,,,,
KASHIPUR,,,,
KASHIPUR,,,,
SHAILAIN,,,,
BHURBARIA,,,,
KARABIL,,,,
KULINDA,,,,
SHAILAIN,,,,
SOMBHAG,,,,
KANDIKUL,,,,
KATAKHALI,,,,
SOMBHAG,,,,
UTTAR NAOGAON,,,,
UTTAR NAOGAON,,,,
SUAPUR,,,,
BASUAKHOLA,,,,
BASUAKHOLA,,,,
BHADALIA,,,,
BHADALIA,,,,
BHUBANNAGAR,,,,
DELDHA,,,,
ANANDANAGAR,,,,
BAIKUNTHAPUR,,,,
BETUAIL,,,,
CHAR DELDHA,,,,
DELDHA,,,,
ISHANNAGAR,,,,
JOY TENTULIA,,,,
LALITNAGAR,,,,
NAYAPARA,,,,
SHIALKUL,,,,
KARIM KAIMTARA,,,,
KARIM KAIMTARA,,,,
KURUNGI,,,,
KURUNGI,,,,
ROUHARTEK,,,,
ROWHA,,,,
DANESTANAGAR,,,,
ROWHA,,,,
SUAPUR,,,,
ATANIPARA,,,,
GOPINATHPUR,,,,
KUTHIRCHAR,,,,
SUAPUR,,,,
SUTIPARA,,,,
BALITHA,,,,
BALITHA,,,,
KISHORINAGAR,,,,
BARATIA,,,,
BARATIA,,,,
BARTABIL,,,,
BHATARKHOLA,,,,
NAOGAON,,,,
BATHULI,,,,
BATHULI,,,,
DAKKHIN BATHULI,,,,
BELISHWAR,,,,
BELISHWAR,,,,
SAHA BELISHWAR,,,,
BIL KESHTI,,,,
BIL KESHTI,,,,
CHHOTA KALAMPUR,,,,
CHHOTA KALAMPUR,,,,
KALAMPUR,,,,
CHOURIMORA,,,,
CHOURIMORA,,,,
DAKKHIN NAOGAON,,,,
BARAPAIKHA,,,,
DAKKHIN NAOGAON,,,,
DAKKHIN SHIBPUR,,,,
DAKKHIN SHIBPUR,,,,
DARI BELISHWAR,,,,
DARI BELISHWAR,,,,
SAHA BELISHWAR,,,,
KALYANPUR,,,,
KALYANPUR,,,,
NAOGAONHATI,,,,
MAKARKHOLA,,,,
NAOGAONHATI,,,,
RAYKHOLA,,,,
RAYKHOLA,,,,
SALIBHANGA,,,,
SALIBHANGA,,,,
SINDULIA,,,,
SINDULIA,,,,
SREERAMPUR,,,,
MAKARKHOLA,,,,
SREERAMPUR,,,,
SUTIPARA,,,,
SUTIPARA,,,,
DHAMRAI POURASABHA,,,,
WARD NO. 01,,,,
KAYETPARA,,,,
AINGAN,,,,
CHAIDALIPARA,,,,
DHAMRAI BAZAR,,,,
KANDIKUL,,,,
PASHCHIM KAYETPARA,,,,
SHARIFBAG (PART),,,,
SHARIFBAG,,,,
WARD NO. 02,,,,
DHAMRAI,,,,
DHAMARHAT,,,,
GOARIPARA,,,,
KAMARKHALI,,,,
MOKAMTOLA,,,,
PURBA KAYETPARA,,,,
RATHKHOLA BAZAR,,,,
WARD NO. 03,,,,
LAKURIAPARA,,,,
BANDIMARA,,,,
BARATNAGAR,,,,
BIJOYNAGAR,,,,
DAKKHIN PASHCHIM BARA BAZAR,,,,
DAKKHIN HUJURITOLA,,,,
GOPNAGAR,,,,
LAKURTAPARA,,,,
NAYANAGAR,,,,
PASHCHIM UTTARPATA,,,,
WARD NO. 04,,,,
KAZIPUR,,,,
SAYEDPUR,,,,
DAKKHIN PATHANTOLA,,,,
PURBA UTTARPATA,,,,
UTTAR PATHANTOLA,,,,
SHIALTARA,,,,
MALAYGHAT,,,,
SHIALTARA,,,,
WARD NO. 05,,,,
DAKKHINPARA,,,,
BAGNAGAR,,,,
DAKKHINPARA DHAMRAI,,,,
KALIAGAR,,,,
KHARIDARPARA,,,,
UTTARPATA DAKKHIN,,,,
WARD NO. 06,,,,
KUMRAIL,,,,
BEJIRTEK,,,,
ISLAMPUR UTTAR AMBAGAN,,,,
KAGUZIAPARA,,,,
KUMRAIL,,,,
WARD NO. 07,,,,
ISLAMPUR,,,,
MADHYA ISLAMPUR,,,,
RISHIPARA,,,,
WARD NO. 08,,,,
PURBA PANCHASH TALTALA,,,,
DAKKHIN ISLAMPUR,,,,
PURBA PANCHASH TALTALA,,,,
PURBAN DULIVITA,,,,
WARD NO. 09,,,,
CHHAYBARIA,,,,
CHHAYBARIA,,,,
CHHOTA CHANDRAIL,,,,
CHHOTA CHARDRAIL,,,,
PASHCHIM DULIVITA,,,,
TALTALA (PART),,,,
DOHAR,,,,
BILASPUR,,,,
ALAMKHANRCHAR,,,,
ALAMKHANRCHAR,,,,
ALINAGAR,,,,
ALINAGAR,,,,
BARA RAMNATHPUR,,,,
BARA RAMNATHPUR,,,,
BILASPUR,,,,
BILASPUR,,,,
CHAR RAGHUDEBPUR,,,,
CHAR RAGHUDEBPUR,,,,
CHHOTA RAMNATHPUR,,,,
CHHOTA RAMNATHPUR,,,,
DEBINAGAR,,,,
DAKKHIN DEBINAGAR,,,,
UTTAR DEBINAGAR,,,,
HAZARBIGHA,,,,
HAZARBIGHA,,,,
KOLCHARI,,,,
KOLCHARI,,,,
KRISHNADEBPUR,,,,
KRISHNADEBPUR,,,,
KUTUBPUR,,,,
KUTUBPUR,,,,
MAJHIRCHAR,,,,
MAJHIRCHAR,,,,
PURBACHAR,,,,
PURBACHAR,,,,
RADHANAGAR,,,,
DAKKHIN RADHANAGAR,,,,
UTTAR RADHANAGAR,,,,
KUSHUMHATI,,,,
ARITA,,,,
ARITA,,,,
IMAMNAGAR (PART),,,,
PUSHPAKHALI (PART),,,,
BARA BASTA,,,,
BARA BASTA,,,,
CHAR KUSHAI (PART),,,,
CHAR BAITA (PART),,,,
CHAR KUSHAI (PART),,,,
KARTIKPUR (PART),,,,
CHAR KUSHAI,,,,
CHAR KUSHAI (PART),,,,
KARTIKPUR (PART),,,,
CHHOTA BASTA,,,,
CHHOTA BASTA,,,,
CHHOTA EKRASHI,,,,
AULIABAD,,,,
IMAMNAGAR (PART),,,,
CHHOTA HARIKANDA,,,,
BABURDANGI,,,,
PUSHPAKHALI (PART),,,,
DEOBHOG,,,,
DEOBHOG,,,,
JOYMANGAL,,,,
PUSHPAKHALI(PART),,,,
KARTIKPUR (PART),,,,
KARTIKPUR (PART),,,,
SUNDARIPARA (PART),,,,
KUSUMHATI (PART),,,,
KUSUMHATI,,,,
MAHTABNAGAR,,,,
MAHTABNAGAR,,,,
PURULIA,,,,
PURULIA,,,,
SUNDARIPARA (PART),,,,
SHILAKOTA,,,,
DAKKHIN SHILAKOTA,,,,
UTTAR SHILAKOTA,,,,
MAHMUDPUR,,,,
CHAR BAITA (PART),,,,
CHAR BAITA,,,,
CHAR BILASPUR,,,,
CHAR BILASPUR,,,,
CHAR KUSHAIR,,,,
CHAR KUSHAIRCHAR,,,,
HARICHANDI,,,,
HARICHANDI,,,,
HOSSENPUR,,,,
HOSSENPUR,,,,
JOYDEBPUR,,,,
KUSUMHATI (PART),,,,
KUSUMHATI,,,,
LATAKHOLA (PART),,,,
CHAR LATAKHOLA,,,,
MAINAT,,,,
MAINAT,,,,
NARAYANPUR,,,,
NARAYANPUR,,,,
PURULIA (PART),,,,
PURULIA,,,,
RAGHURAMPUR,,,,
RAGHURAMPUR,,,,
SHUKDEBPUR,,,,
SHUKDEBPUR,,,,
SREEKRISHNAPUR,,,,
SREEKRISHNAPUR,,,,
MUKSUDPUR,,,,
BETHUA,,,,
BETHUA,,,,
KHARIA,,,,
KHARIA,,,,
KHASERTEK,,,,
SHANTI NAGAR,,,,
MADHURKHOLA,,,,
BANIABARI,,,,
HARIARTEK,,,,
MADHURKHOLA,,,,
RUITHA (PART),,,,
MAITPARA,,,,
MAITPARA,,,,
RUITHA (PART),,,,
MUKSUDPUR,,,,
DHALARPAR,,,,
GORABAN,,,,
MOHAMANIKA,,,,
MUKSUDPUR,,,,
PURBACHAR,,,,
PASHCHIM MOURA,,,,
CHHATRABHOG,,,,
DHITPUR,,,,
DUBLI,,,,
MOURA,,,,
UTTAR MOURA,,,,
NARISHA,,,,
HANSI,,,,
HANSI,,,,
JHANKI,,,,
JHANKI,,,,
UTTAR SHIMULIA (PART),,,,
MALIKANDA,,,,
MALIKANDA,,,,
MEGHULA,,,,
MEGHULA,,,,
RANIPUR,,,,
NARISHA,,,,
NARISHA KHALPAR (PART),,,,
NARISHA PASHCHIMCHAR (PART),,,,
NARISHA JOAR,,,,
NARISHA JOAR,,,,
SATBHITA,,,,
CHAITA BATAR,,,,
NARISHA (PART),,,,
NARISHA KHALPAR (PART),,,,
NARISHA PASHCIMCHAR (PART),,,,
RUITA,,,,
SATBHITA,,,,
SHIMULIA,,,,
DAKKHIN SHIMULIA,,,,
NARISHA PASHCIMCHAR (PART),,,,
TALPATTI,,,,
UTTAR SHIMULIA (PART),,,,
NAYABARI,,,,
DAKKHIN BARRAH,,,,
ANTA,,,,
BARRAH,,,,
PURBA DHOAIR,,,,
DHOAIR,,,,
MADHYA DHOAIR,,,,
HATUNI,,,,
HATUNI,,,,
HATURPARA,,,,
PANKUNDU (PART),,,,
KAUNDIA,,,,
KHULIARA,,,,
DAKKHIN AURANGABAD,,,,
MADHYA AURANGABAD,,,,
PANKUNDU (PART),,,,
UTTAR AURANGABAD,,,,
NASARATPUR,,,,
NASARATPUR,,,,
NAYABARI,,,,
PANKUNDU,,,,
PANKUNDA (PART),,,,
PASHCHIM DHOAIR,,,,
PASHCHIM PATHRAIL,,,,
PURBA PATHRAIL,,,,
RAIPARA,,,,
BARA EKRASHI,,,,
EKRASHI,,,,
HATURPARA,,,,
LAKKHIPRASAD,,,,
PALAMGANJ,,,,
CHAR RUP,,,,
JAMALCHAR,,,,
KHALPAR (PART),,,,
ISLAMPUR,,,,
ISLAMPUR KHALPAR,,,,
KATHALIGHATA,,,,
KHALPAR,,,,
LATAKHOLA (PART),,,,
BILERPAR,,,,
CHAR NAGERKANDA,,,,
NAGERKANDA,,,,
RAGHUDEBPUR,,,,
KARIMGANJ,,,,
RAGHUDEBPUR,,,,
RAIPARA,,,,
RAIPARA,,,,
SUTARPARA,,,,
DAMUA,,,,
DAMUA,,,,
GHATA (PART),,,,
BANAGHATA,,,,
DOHARGHATA,,,,
KATAKHALI,,,,
NIKRA,,,,
KAZIRCHAR (PART),,,,
KAZIRCHAR,,,,
MADHURCHAR (PART),,,,
MADHURCHAR,,,,
MUNSIKANDA,,,,
GHARMURA,,,,
MUNSIKANDA,,,,
SUTARPARA (PART),,,,
DAIYA GAZARIA,,,,
DAIYARKUM,,,,
DOHAR,,,,
GAZIRTEK,,,,
MIZANNAGAR,,,,
PASHCHIM SUTARPARA,,,,
PURBA SUTARPARA,,,,
DOHAR POURASABHA,,,,
WARD NO. 01,,,,
LATAKHOLA (PART),,,,
CHAR LATAKHOLA,,,,
LATAKHOLA BILERPAR,,,,
MADHYA LATAKHOLA,,,,
NAGERKANDA,,,,
PASHCHIM LATAKHOLA,,,,
PURBA LATAKHOLA,,,,
WARD NO. 02,,,,
JOYPARA (PART),,,,
DAKKHIN CHAR JOYPARA,,,,
UTTAR CHAR JOYPARA,,,,
KHALPAR (PART),,,,
KANTHALIGHATA,,,,
KHALPAR (PART),,,,
WARD NO. 03,,,,
JOYPARA (PART),,,,
UTTAR JOYPARA,,,,
UTTAR JOYPARA CHOWDHURYPARA,,,,
UTTAR JOYPARA GAZIKANDA,,,,
UTTAR JOYPARA KUTHIBARI,,,,
UTTAR JOYPARA BENGARCHAR,,,,
UTTAR JOYPARA MIAPARA,,,,
KHALPAR (PART),,,,
ISLAMPUR,,,,
KHALPAR (PART),,,,
UTTAR JOYPARA KHALPAR,,,,
WARD NO. 04,,,,
BATIA,,,,
BATIA,,,,
JOYPARA (PART),,,,
DAKKHIN JOYPARA GANGPAR (PART),,,,
LATAKHOLA (PART),,,,
CHAR LATAKHOLA (PART),,,,
NURPUR (PART),,,,
NURPUR (PART),,,,
WARD NO. 05,,,,
JOYPARA (PART),,,,
DAKKHIN JOYPARA,,,,
DAKKHIN JOYPARA GANGPAR (PART),,,,
DAKKHIN JOYPARA GHONA,,,,
DAKKHIN JOYPARA KHARAKANDA,,,,
DAKKHIN JOYPARA MAJHIPARA,,,,
NURPUR (PART),,,,
NURPUR (PART),,,,
WARD NO. 06,,,,
LASKARKANDA,,,,
LASKARKANDA,,,,
RASULPUR,,,,
GHATA (PART),,,,
KATAKHALI,,,,
YUSUFPUR,,,,
DAKKHIN YUSUFPUR,,,,
UTTAR YUSUFPUR,,,,
WARD NO. 07,,,,
GHATA (PART),,,,
BANAGHATA (PART),,,,
DOHARGHATA,,,,
NIKRA (PART),,,,
WARD NO. 08,,,,
GHATA (PART),,,,
DOHAR,,,,
KAZIRCHAR (PART),,,,
KAZIRCHAR,,,,
MADHURCHAR (PART),,,,
MADHURCHAR (PART),,,,
WARD NO. 09,,,,
SUTARPARA (PART),,,,
GAZIRTEK,,,,
PASHCHIM SUTARPARA,,,,
PURBA SUTARPARA (PART),,,,
KERANIGANJ,,,,
AGANAGAR,,,,
CHUNKUTIA (PART),,,,
CHAR KUTUB,,,,
GOLAM BAZAR (PART),,,,
KADAMTALI,,,,
NATUN SHUBHADHYA,,,,
UTTAR CHAR KUTUB,,,,
JINJIRA (PART),,,,
PASHCHIM AGANAGAR KATHURIA PURBA,,,,
PASHCHIM AGANAGAR NADIDHARA COLONY,,,,
PASHCHIM AGANAGAR KG SHAH COLONY,,,,
PASHCHIM AGANAGAR NAGARMAHAL,,,,
PASHCHIM IMAMBARI,,,,
PASHCHIM KATHURIA,,,,
PURBA AGANAGAR DAKKHIN,,,,
PURBA AGANAGAR NAMAPARA,,,,
PURBA IMAMBARI,,,,
PURBA MALOPARA,,,,
KALIGANJ (PART),,,,
KALIGANJ (PART),,,,
BASTA,,,,
BAGHASHUR,,,,
BAGHASHUR,,,,
DAKKHIN GOALKHALI,,,,
BASTA,MIRPUR-14,,,
BASTA,,,,
CHHOTA BASTA,,,,
NAYABARI,,,,
TILABARI,,,,
UTTAR GOALKHALI,,,,
BOALI,,,,
ALATIA,,,,
BARTA,,,,
BOALI,,,,
CHAR GALGALIA,,,,
BAGHAPUR,,,,
BATTALI,,,,
BHAOARBHITI,,,,
DAKKHIN MALIBHITA,,,,
DARIGAON,,,,
RASULPUR,,,,
CHAR KONDALIA,,,,
CHAR KONDALIA,,,,
DHANIASUR,,,,
DHANIASUR,,,,
DHITPUR,,,,
DHITPUR,,,,
KOTLASUR RAJABARI,,,,
MUCHIASUR,,,,
KAZIRGAON,,,,
KAZIRGAON,,,,
KUMLIBHITA,,,,
KONAKHOLA,,,,
KONAKHOLA,,,,
KONAKHOLA BARAIHATI,,,,
KUMLICHAK,,,,
POTHAIL,,,,
POTHAIL,,,,
RAYTANDI,,,,
THAKURPUR, MIRPUR-14,,,
DAKKHIN RAJABARI,,,,
UTTAR MALIBHITA,,,,
UTTAR RAJABARI,,,,
HAJRATPUR,,,,
CHAR ALGI,,,,
ALIPUR,,,,
BOUNAKANDI (PART),,,,
CHHAYGHARIAKANDI,,,,
ITABHARA,,,,
KADAMTALI,,,,
KANARCHAR,,,,
CHAR NARAYANPUR,,,,
LANKARCHAR,,,,
MILKIHATI,,,,
HAZRATPUR,,,,
ALGIRCHAR,,,,
BALURCHAR,,,,
BATARAKANDI,,,,
BAYATIKANDI,,,,
BOUNAKANDI (PART),,,,
DHALIKANDI,,,,
HAZRATPUR,,,,
JAGANNATHPUR (PART),,,,
KUNIHATI,,,,
QURAISHNAGAR,,,,
RASULPUR,,,,
HOGLAGANTI,,,,
HOGLAGANTI,,,,
MADHURCHAR,,,,
JAGANNATHPUR,,,,
JAGANNATHPUR,,,,
KAZIKANDI,,,,
MANIKNAGAR,,,,
BEGAMABAD,,,,
JAGANNATHPUR (PART),,,,
MANIKNAGAR,,,,
RADHAKANTAPUR,,,,
JINJIRA,,,,
CHAR RAGHUNATHPUR,,,,
CHAR RAGHUNATHPUR,,,,
GOLZARBAG,,,,
LACHHMANGANJ,,,,
DAKPARA,,,,
BANDA DAKPARA,,,,
DAKPARA,,,,
JINJIRA (PART),,,,
AMRITAPUR SHAHIDNAGAR,,,,
BARAGHARTOLA,,,,
HAULI,,,,
HUKKAPATTI HAFEJ ROAD,,,,
ISLAMABAD,,,,
JINJIRA BAZAR,,,,
NAMABARI,,,,
PASHCHIM MALOPARA,,,,
MANDAIL,,,,
AMIRABAG,,,,
BANDA CHHATGAON,,,,
CHATGAON,,,,
KASAIBHITA,,,,
KUSHIARBAG,,,,
MANDAIL,,,,
NAJARGANJ,,,,
RASULPUR,,,,
KALATIA,,,,
AHADIPUR,,,,
AHADIPUR,,,,
AKCHHAIL,,,,
BADULLAPUR,,,,
BAKSHIPUR,,,,
IMANDIPUR,,,,
NISHANBARI,,,,
RANJITPUR,,,,
SADHUPUR,,,,
TARANAGAR,,,,
AKCHHAIL,,,,
AKCHHAIL-1,,,,
AKCHHAIL-2,,,,
CHAR AKCHHAIL,,,,
GUADURI,,,,
ALINAGAR,,,,
ALINAGAR,,,,
BAILA,,,,
BAILA,,,,
BARILGAON (PART),,,,
NITYANANDAPUR,,,,
BELNA,,,,
BABURKANDI,,,,
BELNA,,,,
KHASKANDI,,,,
MOLLAPARA,,,,
RISHIBARI,,,,
BHANDARKHOLA,,,,
BHANDARKHOLA,,,,
CHAR BHANDARKHOLA,,,,
KHARAKANDI,,,,
MARAGHONA,,,,
NILTEK,,,,
RASULPUR,,,,
SHINGASUR,,,,
TALEPUR,,,,
CHAR CHAMARDAHA,,,,
CHAR CHAMARDAHA,,,,
FATENAGAR,,,,
FATENAGAR,,,,
JAINPUR,,,,
BAILA KUTIBARI,,,,
CHHATIRCHAR,,,,
CHHOTA BELNA,,,,
JAINPUR,,,,
NAGRASUR,,,,
KALATIA,,,,
ASAMDIPUR,,,,
KALATIA BAZAR,,,,
MIRAS ASAMDIPUR,,,,
MITHAPUR,,,,
SHAMSERPUR,,,,
SYEDPUR,,,,
KHARAKANDI,,,,
KHARAKANDI,,,,
MUNSI NOADDA,,,,
MUNSI NOADDA,,,,
PURAN KALATIA,,,,
RASHIDPUR,,,,
SONARTEK,,,,
NATUNCHAR,,,,
NATUNCHAR,,,,
NAYAGAON,,,,
NAYAGAON,,,,
NAJIRPUR,,,,
NAJIRPUR,,,,
SARASPUR,,,,
SARASPUR,,,,
SELNA,,,,
SELNA,,,,
SUBARNASUR,,,,
SUBARNASUR,,,,
KALINDI,,,,
ATASUR,,,,
ATASUR,,,,
KARER DIGHIRPAR,,,,
BARISUR,,,,
NEKROJBAG,,,,
PASHCHIM BARISUR,,,,
PURBA BARISUR,,,,
BRAHMANKITTA,,,,
BANDA PATKAJOR,,,,
BRAHMANKITTA MALOPARA,,,,
BRAHMANKITTA MATILAL,,,,
DEOSUR,,,,
DHOPASUR,,,,
KHAGAIL,,,,
KHOLAMURA,,,,
MADARIPUR,,,,
PASHCHIM BRAHMANKITTA,,,,
PATKAJOR,,,,
PURBA BRAHMANKITTA,,,,
GADARBAG,,,,
GADARBAG,,,,
GOKPAR,,,,
BAKA CHARAIL,,,,
BHAGNA,,,,
BORHANIBAG,,,,
GOKPAR,,,,
HAJIBARI CHARAIL,,,,
HINDU CHARAIL,,,,
KHALPAR CHARAIL,,,,
MADHYA CHARAIL,,,,
MUKTIRBAG,,,,
MUSLIMBAG,,,,
PURBA CHARAIL,,,,
KALINDI,,,,
KALINDI,,,,
KONDA,,,,
AINTA,,,,
MANURBAG,,,,
PASHCHIM AINTA,,,,
PURBA AINTA,,,,
ARAKUL,,,,
MIRZAPUR,,,,
NAYAMATI,,,,
PASHCHIM ARAKUL,,,,
PURBA ARAKUL,,,,
ASHTADONA,,,,
ASHTADONA,,,,
BAJIKUNDA,,,,
BAJIKUNDA,,,,
BAKTA,,,,
DAKKHIN PURAN BAKTARCHAR,,,,
KONDARCHAR,,,,
MADHYA GHOSHKANDA,,,,
PASHCHIM ALUKANDA,,,,
PASHCHIM GHOSHKANDA,,,,
PASHCHIM NATUN BAKTARCHAR,,,,
PURBA ALUKANDA,,,,
PURBA GHOSHKANDA,,,,
PURBA NATUN BAKTARCHAR,,,,
UTTAR PURAN BAKTARCHAR,,,,
BHABANIGANJ,,,,
BHABANIGANJ,,,,
BIR BAGHAIR,,,,
BIR BAGHAIR,,,,
NOADDA,,,,
BRAHMANGAON,,,,
PASHCHIM BRAHMANGAON,,,,
PURBA BRAHMANGAON,,,,
CHANDRAMADHAB,,,,
CHANDRAMADHAB,,,,
CHAR ALINAGAR,,,,
CHAR ALINAGAR,,,,
CHAR BAKTA,,,,
CHAR BAKTA,,,,
CHAR SANGHARDI,,,,
CHAR SANGHARDI,,,,
CHAR SRIDHARDI,,,,
CHAR SRIDHARDI,,,,
DANANAGAR,,,,
DANANAGAR,,,,
DHALPUR,,,,
DHALPUR,,,,
DOLESHWAR,,,,
PASHCHIM DOLESHWAR,,,,
PURBA DOLESHWAR,,,,
GHONAKONDA,,,,
GHONAKONDA,,,,
HAZARIBAG (PART),,,,
HAZARIBAG,,,,
JAJIRA,,,,
MADHYERCHAR,,,,
PASHCHIM JAJIRA,,,,
PURBA JAJIRA,,,,
KATURAIL,,,,
DIGHALIPARA,,,,
KANDARPARA,,,,
KATURAIL,,,,
KATURAIL SHILPA ELAKA,,,,
KONDA,,,,
KONDA,,,,
MATHBARI,,,,
MATHBARI,,,,
PANGAON,,,,
DAKKHIN PANGAON,,,,
KAZIRGAON,,,,
UTTAR PANGAON,,,,
PURBA BAGHAIR,,,,
PURBA BAGHAIR,,,,
SAORAIL,,,,
SAORAIL,,,,
UTRAIL,,,,
UTRAIL,,,,
RUHITPUR,,,,
DHARMASUR,,,,
DHARMASUR,,,,
RUHITPUR KANCHA BAZAR,,,,
MUGARCHAR,,,,
CHAR DHARMASUR,,,,
CHAR RUHITPUR,,,,
LAKIRCHAR,,,,
MUGARCHAR,,,,
PORAHATI,,,,
RUHITPUR,,,,
ANARPUR,,,,
MOHANPUR,,,,
RUHITPUR,,,,
SONAKANDA,,,,
BALUATEK,,,,
BHASANCHAR,,,,
CHAR SONAKHANDA,,,,
LAKIRCHAR,,,,
NATUN SONAKANDA,,,,
SHAHAPUR,,,,
SONAKANDA,,,,
SHAKTA,,,,
ATI,,,,
AMANAT BEPARIRGRAM,,,,
ATIGRAM,,,,
ATIKUTI,,,,
BAHERCHAR,,,,
BAMANSUR,,,,
DARIPARA,,,,
HANIF BEPARIRGRAM,,,,
HIJLA,,,,
JOALCHAR,,,,
KANARGAON,,,,
KARIM HAJIRGRAM,,,,
KULCHAR,,,,
MALKADIR MASTERGRAM,,,,
MOBARAK BEPARIRGRAM,,,,
NURARCHAR,,,,
PURANA PANCHDONA,,,,
RAYERCHAR,,,,
TEBARGRAM,,,,
YUSUF KHANRGRAM,,,,
BALSATA,,,,
AGRAKHOLA,,,,
BAINATALA,,,,
BALSATA,,,,
KASHI MALTA,,,,
MEKAIL,,,,
NARANDI,,,,
BARA SHIKARITOLA,,,,
BABURGAON,,,,
GOURISINGA,,,,
SHIKARITOLA,,,,
BHARALIA,,,,
KHOLAMURA,,,,
NATUN BHARALIA,,,,
PURAN BHARALIA,,,,
BIRTAIL,,,,
BALARAMPUR,,,,
BIRTAIL,,,,
KAKALIA,,,,
GOALKHALI,,,,
KAKALIA,,,,
MADHYERCHAR,,,,
BALURCHAR,,,,
JHAUCHAR,,,,
MADHYERCHAR,,,,
NABABCHAR (ARSHINAGAR),,,,
MALANCHA,,,,
MALANCHA,,,,
NAGDHA,,,,
NAGDHA,,,,
NAPIADI,,,,
NAPIADI,,,,
SHAKTA,,,,
BAG RAMERKANDA,,,,
DAKKHIN RAMERKANDA,,,,
KAMARTA,,,,
NARAYANPATTI,,,,
RISHIPARA,,,,
SHAKTA,,,,
UTTAR RAMERKANDA,,,,
SHUBHADHYA,,,,
CHUNKUTIA (PART),,,,
BEGUNBARI,,,,
CHAR KUTUB,,,,
CHOWDHURYPARA,,,,
CHUNKUTIA PURBAPARA,,,,
JHAUBARI,,,,
KALIBARI HINDUPARA,,,,
MADHYAPARA,,,,
NAJIRERBAG,,,,
PASHCHIMPARA,,,,
HASNABAD (NAIYATOLA),,,,
HASNABAD,,,,
MOKAMPARA,,,,
IKURIA,,,,
IKURIA BEPARIPARA,,,,
IKURIA KHALPAR,,,,
IKURIA UTTARPARA,,,,
MADHYAPARA,,,,
PASHCHIMPARA,,,,
PURBAPARA,,,,
SARDARPARA,,,,
TILAPARA,,,,
KALIGANJ (PART),,,,
KAIBARTAPARA,,,,
KALIGANJ,,,,
MIRERBAG,,,,
BALURCHAR,,,,
BASTUHARA COLONY,,,,
CHAR KHEJURBAG,,,,
KHEJURBAG,,,,
MIRERBAG,,,,
PAR GENDARIA,,,,
RISHIPARA,,,,
SHUBHADHYA,,,,
BATHANBARI,,,,
BIL KATURIA,,,,
DIGHIRPAR,,,,
KACHARIPARA,,,,
MADHYAPARA,,,,
NAYAHATI,,,,
PAKHAILAPARA,,,,
PASHCHIMPARA,,,,
PURBAPARA,,,,
UTTARPARA,,,,
TARANAGAR,,,,
BARA JOYNAGAR,,,,
DAKKHIN JOYNAGAR,,,,
UTTAR JOYNAGAR,,,,
BARA MANOHARIA,,,,
BARA MANOHARIA,,,,
BHAWAL PASHCHIMPARA,,,,
BHAWAL PURBAPARA,,,,
BHAWAL RISHIPARA,,,,
CHHOTA BHAWAL,,,,
KHANBARI,,,,
BARAIKANDI,,,,
BARAIKANDI,,,,
BATTALI,,,,
ITKHOLA,,,,
BARILGAON (PART),,,,
BARILGAON,,,,
BEUTA,,,,
BALUGHATA,,,,
BEUTA HINDUPARA,,,,
BEUTA MUSLIMPARA,,,,
CHANDIPUR,,,,
CHANDIPUR,,,,
CHHAGLAKANDI,,,,
CHHAGLAKANDI SIRAJNAGAR,,,,
CHHOTA MANOHARIA,,,,
CHHOTA MANOHARIA,,,,
DAKKHIN BAHERCHAR,,,,
DAKKHIN BAHERCHAR,,,,
DEULI,,,,
DEULI,,,,
NIMTALI,,,,
GHATARCHAR,,,,
HINDUPARA,,,,
KHALPARA,,,,
NAYAPARA,,,,
OLAMANAGAR,,,,
SHAHIDNAGAR,,,,
TANPARA,,,,
KANSARIA,,,,
KANSARIA,,,,
PITACHAKA,,,,
PITACHAKA KALMARCHAR,,,,
RAYTA,,,,
RAYTA,,,,
SHIALI,,,,
SHIALI,,,,
TARANAGAR,,,,
GUITA,,,,
KANTHALTALI,,,,
KRISHNANAGAR,,,,
TOTAIL,,,,
PASHCHIM EMARGAON,,,,
PURBA EMARGAON,,,,
ULTA (BANGLANAGAR),,,,
BANGLANAGAR,,,,
KANARGAON,,,,
UTTAR BAHERCHAR,,,,
UTTAR BAHERCHAR,,,,
TEGHARIA,,,,
ABDULLAHPUR,,,,
CHAR KADAMPUR,,,,
HAJIPARA,,,,
KADAMPUR,,,,
KALAKANDI,,,,
MALIHATI,,,,
NASIRPARA,,,,
PASHCHIM ABDULLAHPUR,,,,
PURBA ABDULLAHPUR,,,,
SHASTA,,,,
BAGHAIR,,,,
ALIAPARA,,,,
BAGBARI,,,,
BETBUNIAHATI,,,,
CHOWDHURYPARA,,,,
DAKKHINHATI,,,,
GAISTA,,,,
GOALPARA BAGHAIR,,,,
HATKHOLA,,,,
KAPURIAHATI,,,,
KHAYRATIPARA,,,,
MAJHERHATI,,,,
MALAKARPARA,,,,
MALOPARA,,,,
NAGAR,,,,
PORAHATI,,,,
RISHIPARA,,,,
SARDARPARA,,,,
TALGACHHIAHATI,,,,
BEARA,,,,
BEARA BAGBARI,,,,
BEARA RADHANAGAR MUSLIMNAGAR,,,,
BEARA,,,,
GOALPARA,,,,
GUPTAPARA,,,,
PATHANPARA,,,,
TELIRBAG,,,,
MAJID BEYARA,,,,
BANAGRAM,,,,
DATTAPARA,,,,
MAJID BEYARA,,,,
NOADDA,,,,
NOADDA,,,,
PASHCHIMDI,,,,
BABU RAYPARA,,,,
BHAIRABNAGAR,,,,
BURIRDANGA,,,,
GOBINDAPUR,,,,
JALKHOLA,,,,
KHALPAR,,,,
KRISHNANAGAR,,,,
MALANISHPARA,,,,
MUSLIMPARA,,,,
NAZIRPUR,,,,
PAINA KHALPAR,,,,
PAINA NAYAGAON,,,,
PASHCHIMDI,,,,
RADHANAGAR,,,,
SHYAMPUR,,,,
PURBADI,,,,
PURBADI,,,,
TEGHARIA,,,,
SHAILLA,,,,
TEGHARIA,,,,
NAWABGANJ,,,,
AGLA,,,,
AGLA,,,,
AGLA,,,,
BENUKHALI,,,,
BENUKHALI,,,,
DINAJPUR,,,,
CHAR MADHUCHARIA,,,,
CHANDARTEK,,,,
CHAR CHARIA,,,,
DASPARA,,,,
CHHATIA,,,,
CHHATIA,,,,
CHHATIA ADARSHAGRAM,,,,
GOKULNAGAR,,,,
GOKULNAGAR,,,,
KALUAHATI,,,,
AGLA CHAKBARI,,,,
AGLA KHANHATI,,,,
DAKKHIN KALUHATI,,,,
UTTAR KALUAHATI,,,,
MAJHPARA,,,,
KAJIHATI,,,,
MAJHPARA,,,,
MAKIMPUR,,,,
MAKIMPUR,,,,
MOHANPUR,,,,
MOHANPUR,,,,
NATUN MOHANPUR,,,,
PURBAPARA,,,,
AGLA PURBAPARA,,,,
TIKARPUR,,,,
TIKARPUR,,,,
BAHRA,,,,
ALGICHAR,,,,
ALGICHAR,,,,
BARA BAHRA,,,,
NAOPARA,,,,
PASHCHIM BAHRA,,,,
PURBA BAHRA,,,,
BARA BALMANTACHAR,,,,
BARA BALMANTACHAR,,,,
CHHOTA BAHRA,,,,
CHHOTA BAHRA,,,,
CHHOTA BALMANTACHAR,,,,
CHHOTA BALMANTACHAR,,,,
DAKKHIN CHOUKIGHATA,,,,
DAKKHIN CHOUKIGHATA,,,,
KAHUR,,,,
BAGANBARI,,,,
KAHUR,,,,
KANDAMATRA,,,,
KANDAMATRA,,,,
MALIAIL,,,,
MALIAIL,,,,
SHUBHARIA,,,,
SHUBHARIA,,,,
ULMAN CHANDRA,,,,
PURBA CHAK BAHRA,,,,
ULMAN CHANDRA,,,,
URARCHAR,,,,
URARCHAR,,,,
UTTAR CHOUKIGHATA,,,,
UTTAR CHOUKIGHATA,,,,
BAKSNAGAR,,,,
BARA BAKSNAGAR,,,,
BAKSNAGAR CHOURAHATI,,,,
BAKSNAGAR CHRISTIANHATI,,,,
BAKSNAGAR SABUKHATI,,,,
BARA BAKSNAGAR,,,,
CHAK BAKSANAGAR,,,,
CHHOTA RAJPARA,,,,
BARDHANPARA,,,,
BARDHANPARA,,,,
CHHOTA RAJPARA UTTARHATI,,,,
CHHOTA BAKSNAGAR,,,,
CHHOTA BAKSNAGAR,,,,
CHHOTA JAFARPUR,,,,
CHHOTA JAFARPUR BALURCHAR,,,,
DIGHIRPAR,,,,
BALURCHAR,,,,
DIGHIRPAR,,,,
DIGHIRPAR KHALPAR,,,,
KOMARGANJ,,,,
GAZIKHALI,,,,
KOMARGANJ,,,,
PATHANKANDA,,,,
TUKNIKANDA,,,,
SURGANJ,,,,
TUKNIKANDA,,,,
BANDURA,,,,
AHLADIPUR,,,,
AHLADIPUR,,,,
BARA HARIKANDA,,,,
BARA HARIKANDA,,,,
HAZRATPUR,,,,
HAZRATPUR,,,,
SWARUPDIKANDA HAZRATPUR,,,,
HASNABAD,,,,
HASNABAD,,,,
IMAMNAGAR,,,,
IMAMNAGAR,,,,
KANTHALIGHATA,,,,
KANTHALIGHATA,,,,
KHALIARBHITA,,,,
SYEDPUR,,,,
MAHABBATPUR,,,,
MAHABBATPUR,,,,
MAJHIRKANDA,,,,
MAJHIRKANDA,,,,
MOULAVIDANGI,,,,
MOULAVIDANGI,,,,
MRIDHARKANDA,,,,
MRIDHARKANDA,,,,
NATUN BANDURA,,,,
MIRERDANGI,,,,
NATUN BANDURA,,,,
PUAKAIR,,,,
BARADUARI,,,,
CHAMPANAGAR,,,,
NAYANAGAR,,,,
NURNAGAR,,,,
PURATAN BANDURA,,,,
MALASIKANDA,,,,
PURATAN BANDURA,,,,
SADAPUR,,,,
SADAPUR,,,,
SYEDPUR,,,,
SYEDPUR,,,,
BARUAKHALI,,,,
ALALPUR,,,,
DAKKHIN ALALPUR,,,,
RATANPUR,,,,
UTTAR ALALPUR,,,,
BAHERCHAR,,,,
BAHERCHAR,,,,
BRAHMANKHALI,,,,
DAKTARKANDA,,,,
BARA BARILYA,,,,
BARA BARILYA,,,,
CHHOTA BARILYA,,,,
BARA KAUNIAKANDI,,,,
BARA KAUNIAKANDI,,,,
BARABASAT,,,,
BARUAKHALI,,,,
CHAK BARILYA,,,,
DAKKHIN BARUAKHALI,,,,
MADLA,,,,
UTTAR BARUAKHALI,,,,
BEJORA,,,,
BHANGAPARA,,,,
BHANGAPARA,,,,
BHERAMURIA,,,,
BHERAMURIA,,,,
CHHATRAPUR,,,,
SHIALJAN,,,,
CHHOTA KAUNIAKANDI,,,,
CHHOTA KAUNIAKANDI,,,,
CHHOTA NABAGRAM,,,,
CHHOTA NABAGRAM,,,,
DIRGHAGRAM,,,,
DIRGHAGRAM,,,,
HARIBHANGA,,,,
DARIKANDI,,,,
JAHANABAD,,,,
JAHANABAD,,,,
JAINATPUR,,,,
JAINATPUR,,,,
KANCHANNAGAR,,,,
KANCHANNAGAR,,,,
KANDA BARILYA,,,,
KANDA BARILYA,,,,
KARPARA,,,,
KARPARA,,,,
KUMAR BARILYA,,,,
KUMAR BARILYA,,,,
MUNSINAGAR,,,,
MUNSINAGAR,,,,
RAMNAGAR,,,,
BANIAGRAM,,,,
BARA PRITHI NOADDA,,,,
CHHOTA PRITHI NOADDA,,,,
RAMNAGAR,,,,
CHURAIN,,,,
BARA GOBINDAPUR,,,,
CHANHATI,,,,
CHOURAHATI,,,,
GOBINDAPUR,,,,
MUSLEMHATI,,,,
PAIKSHA,,,,
PURBA GOBINDAPUR,,,,
SHANKARKHALI,,,,
SONAHAJRA,,,,
SONATALA,,,,
CHURAIN,,,,
PASHCHIM CHURAIN,,,,
PURBA CHURAIN,,,,
DURGAPUR,,,,
DURGAPUR,,,,
KAMARKHOLA (PART),,,,
KAMARKHOLA,,,,
KAMARKHOLA,,,,
MUNSURNAGAR,,,,
MADANKHAIL KALAIMARA,,,,
PASHCHIM MUNSINAGAR,,,,
PURBA MUNSINAGAR,,,,
PASHCHIM MARICHPATTI,,,,
CHAK MARICHPATTI,,,,
DULCHAN,,,,
MARICHPATTI,,,,
SIRAJUDDINPUR,,,,
DUBLI,,,,
TILKHOLA,,,,
KAMARKHOLA,,,,
GALIMPUR,,,,
GALIMPUR,,,,
ADARSHAGRAM,,,,
ANDHARKOTHA,,,,
BARAGAON,,,,
CHANHATI,,,,
JOYNAGAR,,,,
KHANHATI,,,,
KUTHIBARI,,,,
MIAHATI,,,,
NAGAR,,,,
NOADDA,,,,
PAIKSHA,,,,
RAMNATHPUR,,,,
SHAHBAD,,,,
SHANKARKHALI,,,,
SONAHAJRA,,,,
SURJAKHALI,,,,
SURGAON,,,,
SURGAON,,,,
JANTRAIL,,,,
BARA NABAGRAM,,,,
CHAR KHALSI,,,,
DAKKHIN KHALSI,,,,
JALLI,,,,
NABAGRAM,,,,
NALGORA,,,,
CHANDRAKHOLA,,,,
CHANDRAKHOLA,,,,
DEBUKHALI,,,,
CHHOTA GOBINDAPUR,,,,
BALIDIOR,,,,
GOBINDAPUR,,,,
HARISHKUL,,,,
HARISHKUL,,,,
JALALCHAR,,,,
JALALCHAR,,,,
JANTRAIL,,,,
AZIZPUR,,,,
BHAWALIA,,,,
JANTRAIL,,,,
PURBA JANTRAIL,,,,
KIRANCHI,,,,
BHURAKHALI,,,,
KIRANCHI,,,,
UTTAR KIRANCHI,,,,
MOYMANDI,,,,
MOYMANDI,,,,
JOYKRISHNAPUR,,,,
ASHAYPUR,,,,
ASHAYPUR,,,,
BAHADURPUR,,,,
BAHADURPUR,,,,
BAMUAHATI,,,,
BAMUAHATI,,,,
BATAIJURI,,,,
BATAIJURI,,,,
BATAIMURI,,,,
KEDARPUR,,,,
BILCHARI,,,,
BILCHARI,,,,
BRAHMANGRAM,,,,
BRAHMANGRAM,,,,
CHARAKHALI,,,,
GHOSHAIL,,,,
AR GHOSHAIL,,,,
GHOSHAIL,,,,
JOYKRISHNAPUR,,,,
JOYKRISHNAPUR,,,,
KEDARPUR,,,,
KEDARPUR,,,,
KOTHARI,,,,
KOTHARI,,,,
MATHBARI,,,,
MATHBARI,,,,
PANIKAUR,,,,
PANIKAUR,,,,
PURBACHAK,,,,
PURBACHAK,,,,
RAJAPUR,,,,
BALENGA,,,,
DOAIR,,,,
KANTARTEK,,,,
NAYADANGI,,,,
RAJAPUR,,,,
RAYPUR,,,,
KHAT BAZAR,,,,
RAYPUR,,,,
SHANKARDIA,,,,
GAZARIA,,,,
SHANKARDIA,,,,
SHYAMPUR,,,,
SONABAJU,,,,
KALYANSREE,,,,
SONABAJU,,,,
TITPALDIA,,,,
TITPALDIA,,,,
KAILAIL,,,,
DAULATPUR,,,,
BHANGABHITA,,,,
DAULATPUR,,,,
DIGNARA,,,,
DIGNARA,,,,
MOLLAKANDA,,,,
RAYPUR,,,,
KAILAIL,,,,
KAILAIL,,,,
SONARGAON,,,,
TELENGA,,,,
KUNDURA,,,,
KUNDURA,,,,
MASHAIL,,,,
DARIKANDA,,,,
MADHUPUR,,,,
MALIKANDA,,,,
MASHAIL,,,,
NAYAKANDA,,,,
MELENG,,,,
DAKKHIN MELENG,,,,
KHALPAR,,,,
MELENG,,,,
PARAGAON,,,,
MATABPUR,,,,
PARAGRAM,,,,
KALAKOPA,,,,
BAGMARA,,,,
BAGMARA,,,,
SHURGANJ,,,,
BARA JAFARPUR,,,,
AMIRPUR,,,,
BARA RAJPARA,,,,
JALALPUR,,,,
BARAIKHOLA,,,,
KALAKOPA,,,,
BAG BIBIRCHAR,,,,
BAGHATI,,,,
BARA NAGAR,,,,
BARAHATI,,,,
BHUIYANHATI,,,,
GOALNAGAR,,,,
GOPALPUR,,,,
GOPIKANTAPUR,,,,
KHANDAKAR NOADDA,,,,
MADHYANAGAR,,,,
MAHAJANPUR,,,,
PUKURPAR,,,,
RAYHATI,,,,
KASHIMPUR,,,,
KASHIMPUR,,,,
NABABGANJ,,,,
MADHABPUR,,,,
KHANDAKARHATI,,,,
MADHABPUR,,,,
PIR MAMUDIA,,,,
PIR MAMUDIA (BARA RAJAPURPARA),,,,
RAJARAMPUR,,,,
PANALIA,,,,
RAJARAMPUR,,,,
SAMSABAD,,,,
PASHCHIM SAMSABAD,,,,
PURBA SAMSABAD,,,,
NAYANSREE,,,,
BARA TASULYA,,,,
BARA TASULYA,,,,
BARI SHAILLA,,,,
BHAWADUBI,,,,
BHAWADUBI,,,,
BIL PALLI,,,,
BIL PALLI,,,,
BIPRA TASULYA,,,,
BIPRA TASULYA,,,,
CHAR BAGURI,,,,
CHAR SHAILYA,,,,
CHAR SHAILYA,,,,
CHHOTA TASULYA,,,,
CHHOTA TASULYA,,,,
CHUNA KATHIBIL,,,,
SAHEBGANJ,,,,
DEOTALA,,,,
DARI DEOTALA,,,,
DEOTALA,,,,
PADRIKANDA,,,,
GHIARIA,,,,
GHOSHPARA,,,,
GHOSHPARA,,,,
GOLLA,,,,
BARA GOLLA,,,,
CHHOTA GOLLA,,,,
KRISHNANAGAR,,,,
KUMAR GOLLA,,,,
MATABBARTEK,,,,
JAMSHA,,,,
BHURAKHALI,,,,
KAKHSUR,,,,
KHAGAIL,,,,
PASHCHIM SHANTINAGAR,,,,
KHANEPUR,,,,
CHAK KHANEPUR,,,,
KHANEPUR,,,,
KHANEPUR KANDI,,,,
KANDA KHANEPUR,,,,
LALSREE,,,,
KASHINAGAR,,,,
SHAHAJADPUR,,,,
LEJAJURI,,,,
NAYANSREE,,,,
NAYANSREE,,,,
PASHCHIM SHAYTANKATHI,,,,
PURBA SHANTINAGAR,,,,
PURBA SHAYTANKATHI (PART),,,,
PURBA SHANTINAGAR,,,,
RADHAKANTAPUR,,,,
RADHAKANTAPUR,,,,
RAHUTHATI,,,,
RAHUTHATI,,,,
SAPLEJA,,,,
SAPLEJA,,,,
SHAILYA,,,,
SHAILYA,,,,
SHERPUR (PART),,,,
BAKCHAR,,,,
TUINTAL,,,,
AFJALNAGAR,,,,
CHAR TUINTAL,,,,
NATUN TUINTAL,,,,
TUINTAL,,,,
UTTAR BAHRA,,,,
NABINAGAR,,,,
UTTAR BAHRA,,,,
SHIKARIPARA,,,,
BISHAMPUR,,,,
BISHAMPUR,,,,
CHAR BAGURI,,,,
CHAR BAGURI,,,,
GANGADIA,,,,
GANGADIA,,,,
HAGRADI,,,,
HAGRADI,,,,
NARASINGHAPUR,,,,
MAHESHPUR,,,,
MAHESHPUR,,,,
MANIKANDA,,,,
ANANDANAGAR,,,,
MANIKANDA,,,,
NURPURPATTI,,,,
BHADRAKANDA,,,,
NATTI,,,,
NURPUR,,,,
SONARGAON,,,,
PANJIPRAHARI,,,,
BAKTARNAGAR,,,,
GARIBPUR,,,,
PANJIPRAHARI,,,,
SHEKHARNAGAR,,,,
SHEKHARNAGAR,,,,
SHERPUR (PART),,,,
NAYADANGI,,,,
SHERPUR,,,,
SHIBPUR,,,,
SHIBPUR,,,,
SHIKARIPARA,,,,
KANDARPAPUR,,,,
LASKARKANDA,,,,
SHIKARIPARA,,,,
SONATALA,,,,
CHAR SONATALA,,,,
SONATALA,,,,
SUJAPUR,,,,
DAUDPUR,,,,
NARAYANPUR,,,,
SUJAPUR,,,,
SHOLLA,,,,
AJGARA,,,,
AJGARA,,,,
AONA,,,,
AONA,,,,
CHAK AONA,,,,
CHAK MATABPUR,,,,
HAYATKANDA,,,,
BALUKHANDA,,,,
ATKAHANIA,,,,
DAKKHIN BALUKHANDA,,,,
DUDHGHATA,,,,
UTTAR BALUKHANDA,,,,
DATTAKHANDA,,,,
DATTAKHANDA,,,,
KHATIA,,,,
KHATIA,,,,
KHATIA MAJHPARA,,,,
RUPARCHAR,,,,
KONDA,,,,
KARTIKPUR,,,,
KONDA,,,,
KUMULLI,,,,
KUMULLI,,,,
MAHISHDIA,,,,
MAHISHDIA,,,,
PATILJHAP,,,,
BAISHNAL,,,,
PATILJHAP,,,,
SHOLANAGAR,,,,
SHOLLA,,,,
BOALI,,,,
DAKKHIN SHOLLA,,,,
SHOLLA,,,,
SINGHARA,,,,
ABDANI,,,,
CHAK SINGHARA,,,,
CHAKORIA,,,,
CHANDRAKHOLA NAYAHATI,,,,
JHANJHANIA,,,,
PARASHURA,,,,
SINGHARA,,,,
SINGJOR,,,,
CHAK SINGJOR,,,,
SINGJOR,,,,
SONAPUR,,,,
ULAIL,,,,
MADANMOHANPUR,,,,
SULTANPUR,,,,
ULAIL,,,,
SAVAR,,,,
AMIN BAZAR,,,,
BARA BARADESHI,,,,
PASHCHIM BARADESHI,,,,
PURBA BARADESHI,,,,
BEGUNBARI,,,,
BINODBARI,,,,
CHANDRANARAYANPUR,,,,
DEWANBARI,,,,
DHOBARAI,,,,
GOPALPUR,,,,
HIJLA,,,,
MAMDHI MRIDHARTEK,,,,
MANIKNAGAR,,,,
MARICHARTEK,,,,
NARASINGHAPUR,,,,
PANCHGACHHIA,,,,
PASHCHIM BEGUNBARI,,,,
PURBA BEGUNBARI,,,,
SHIBPUR,,,,
SUJANAGAR,,,,
SALEPUR,,,,
CHANPUR,,,,
SALEPUR,,,,
ASHULIA,,,,
ATI CHANDGAON,,,,
AUKPARA,,,,
AUKPARA,,,,
AUKPARA ADARSHAGRAM,,,,
BARA ASHULIA,,,,
ASHULIA,,,,
TANGABARI,,,,
BARA PARAGAON,,,,
NAYAPARA,,,,
PARAGRAM,,,,
SHEOLATEKI,,,,
BARA RANGAMATIA,,,,
DURGAPUR,,,,
RANGAMATIA,,,,
BASAID,,,,
ARAGAON,,,,
BASAID,,,,
CHARABAG,,,,
DOSAID,,,,
KUMKUMARI,,,,
BELMA,,,,
BELMA,,,,
JAHARCHHANDA,,,,
CHAK BASAID,,,,
CHANGAON,,,,
CHANGAON,,,,
CHHOTA KAKAR,,,,
DHALPUR (PART),,,,
DHALPUR,,,,
DHANANJOYPUR,,,,
KANDAIL,,,,
KATHGARA,,,,
NAYAPARA,,,,
GOURIPUR,,,,
GOURIPUR,,,,
KUTURIA (PART),,,,
KUTURIA,,,,
MIRER CHANGAON,,,,
MIRER CHANGAON,,,,
PURBA SADARPUR,,,,
PURBA SADARPUR,,,,
SADARPUR,,,,
RUSTAMPUR,,,,
BINODPUR,,,,
RUSTAMPUR,,,,
SADHUPARA,,,,
SADHUPARA,,,,
SREEKHANDIA,,,,
SREEKHANDIA,,,,
SUJABAD,,,,
SUJABAD,,,,
BANGAON,,,,
BALIARPUR,,,,
BALIARPUR,,,,
BANAGRAM,,,,
BANAGRAM,,,,
PANCH BANAGRAM,,,,
RAINGERTEK,,,,
BIL BAGHIL,,,,
BIL BAGHIL,,,,
CHAKULIA,,,,
CHAKULIA,,,,
CHANDPARA,,,,
CHANDPARA,,,,
GANDHARIA,,,,
GANDHARIA,,,,
KANDI BALIARPUR,,,,
BALIGHATA,,,,
KANDI BALIARPUR,,,,
KONDA,,,,
BERAID,,,,
NAGAR KONDA,,,,
NIKRAIL,,,,
NIKRAIL,,,,
PURULIA,,,,
SADHAPUR,,,,
SADHAPUR,,,,
BHAKURTA,,,,
BARTAIL,,,,
DAKKHIN JHAUCHAR,,,,
BHAKURTA,,,,
BHAKURTA,,,,
HINDU BHAKURTA,,,,
KANDI BHAKURTA,,,,
CHAIRA,,,,
CHAIRA,,,,
KHAGURIA,,,,
CHUNARCHAR,,,,
CHUNARCHAR,,,,
DOMRAKANDA,,,,
KAISHARCHAR,,,,
NALAGARIA,,,,
HARURIA,,,,
HARURIA,,,,
NALIASUR,,,,
MUSHURIKHOLA,,,,
BAHERCHAR,,,,
CHAR TULATALI,,,,
CHHAGLAKANDI,,,,
FIRINGIKANDA,,,,
MUSHURIKHOLA,,,,
NANDER KHAMAR,,,,
SHOLLAPARA,,,,
TULATALI,,,,
PACHULI,,,,
CHAPRA,,,,
PURBA MOGRAKANDA,,,,
SHYAMLAPUR,,,,
LUTERCHAR,,,,
SHAMLASHI TOTALIAPARA,,,,
SHYAMLASHI BAHERCHAR,,,,
SHYAMLASHI BHARALIAPARA,,,,
SHYAMLASHI KALATIAPARA,,,,
TURAG,,,,
PASHCHIM MOGRAKANDA,,,,
BIRULIA,,,,
AKRAN,,,,
AKRAN,,,,
BAGNIBARI,,,,
BAGNIBARI,,,,
BARA KAKAR,,,,
KAKAR,,,,
KHEWAGHAT,,,,
NAIRADI,,,,
BHOMKA,,,,
BHOMKA,,,,
BIRULIA,,,,
BIRULIA,,,,
CHHOTA KALIAKAIR,,,,
KALIAKAIR,,,,
KAZIPARA,,,,
KHANIJNAGAR,,,,
CHHOTA WALIA,,,,
CHHOTA WALIA,,,,
CHOUBARIA,,,,
DAMPARA,,,,
DAMPARA,,,,
DEUL,,,,
DEUL,,,,
DEWANBARI,,,,
DEWANBARI,,,,
JINJIRA,,,,
JINJIRA,,,,
KAMALAPUR,,,,
KAMALAPUR,,,,
KHAGAN,,,,
KHAGAN,,,,
KUMAR KHODA,,,,
KONDA,,,,
KUMAR KHODA,,,,
SHYAMPUR,,,,
KUMARAN,,,,
BHABANIPUR,,,,
MAISTAPARA,,,,
MAISTAPARA,,,,
PIPULIA,,,,
RAJARBAG,,,,
RAJARBAG,,,,
SADULYAPUR,,,,
SADULYAPUR,,,,
SAIPARA,,,,
SAIPARA,,,,
SAMAIR,,,,
SAMAIR,,,,
SARULIA,,,,
SARULIA,,,,
SHISHARCHAR,,,,
SIRAJERTEK,,,,
UTTAR DATTAPARA,,,,
UTTAR DATTAPARA,,,,
UTTAR ULUMORA,,,,
BATULIA,,,,
DHAMSONA,,,,
BAIPAIL (PART),,,,
BAIPAIL,,,,
DAKKHIN GAZIRCHAT,,,,
UTTAR GAZIRCHAT,,,,
BANSHBARI,,,,
BANSHBARI,,,,
DAGARTALI,,,,
KAICHHABARI,,,,
CHHOTA PAICHHAIL,,,,
PAICHHAIL,,,,
DEHARA,,,,
ALOBDI,,,,
CHHANTEKI,,,,
KANDA,,,,
NAYATEK,,,,
DEODASHA,,,,
DEBDASHA,,,,
DHAMSONA,,,,
DHAMSONA,,,,
ENAYETPUR (PART),,,,
ENAYETPUR,,,,
GANAKBARI,,,,
BHADAIL,,,,
MADHUPUR,,,,
NATUNNAGAR,,,,
PABNARTEK,,,,
SREEPUR,,,,
KAMALSHI,,,,
MAIJHAIL,,,,
MAIJHAIL,,,,
NALAM,,,,
NALAM,,,,
NAYANAGAR,,,,
NALAM BAGBARI,,,,
NALAM BAGBARI,,,,
PALASHBARI,,,,
DENDABAR,,,,
PALASHBARI,,,,
SUBANDI,,,,
SUBANDI,,,,
UNAIL,,,,
GOPALBARI,,,,
UNAIL,,,,
KAUNDIA,,,,
BAGHSATRA,,,,
BAGHSATRA,,,,
ISAKABAD,,,,
BAIRAGIBARI,,,,
BELTALI,,,,
CHHOTA DAMPARA,,,,
DAKKHIN KAUNDIA,,,,
DAKKHIN MANIKARTEK,,,,
DHARPARTEK,,,,
GANGANATHPUR,,,,
GHASIRDIA,,,,
GOALBARI,,,,
ISAKABAD,,,,
JADUGOPERTEK,,,,
JANARTEK,,,,
KUMARBARI,,,,
LAKKHIDASERTEK,,,,
LALARTEK,,,,
MAJHIRDIA,,,,
MELARTEK,,,,
PANCHKANI,,,,
SADARBARI,,,,
SADURBARI,,,,
SINGASAR,,,,
TIKALARTEK,,,,
UTTAR MANIKARTEK,,,,
UTTAR KAUNDIA,,,,
KAUNDIA BAZARPARA,,,,
PASHCHIM KAUNDIA,,,,
UTTAR KAUNDIA,,,,
PATHALIA,,,,
AGLA (PART),,,,
FAKIRCHAN MILL,,,,
BAGDHANIA,,,,
AMGACHHIA,,,,
BAGDHANIA,,,,
NAYARHAT,,,,
BARA WALIA,,,,
AMBAGAN,,,,
DAKKHIN GOKULNAGAR,,,,
HUIRARTEK,,,,
ISLAMNAGAR,,,,
KANTHALBAGAN,,,,
KASHIPUR,,,,
MADHABCHALA,,,,
MOLLARTEK,,,,
PANDHOA,,,,
WALIA,,,,
BIL BARIL,,,,
BOALIAPARA,,,,
MANOHAR,,,,
CHAKALGAON,,,,
CHAKALGRAM,,,,
CHOURABARI,,,,
GOPINATHPUR,,,,
MOKAMTEKI,,,,
CHARIGAON,,,,
CHARIGRAM,,,,
MUNUDIA,,,,
CHHIATA,,,,
DAKKHIN KROK,,,,
JAHANGIRNAGAR UNIVERSITY,,,,
KALABAGAN,,,,
PAHARTALI,,,,
RANGAMATI,,,,
DAKKHIN SINDURIA,,,,
DAKKHIN SINDURIA,,,,
DECREERTEK,,,,
DECREERTEK,,,,
MADARTEK,,,,
MOLLAPARA,,,,
DHANIA,,,,
BELTALA,,,,
PASHCHIM DHANIA,,,,
PURBA DHANIA,,,,
DIABARI,,,,
CHAR SINDURIA,,,,
DIABARI,,,,
KHASERTEK,,,,
MUKTARTEK,,,,
FALGUNI HOUSING SOCIETY,,,,
GANASWASTHYA KENDRA,,,,
HIRARPARA,,,,
JALALABAD MODEL TOWN,,,,
KALARTEK,,,,
KAMALARCHALA,,,,
KANCHIRTEK,,,,
KHEJURTEK,,,,
KOHINUR MILL,,,,
MADHABGANJ,,,,
PATHALIA,,,,
RAHIMPUR,,,,
RAMARBAG,,,,
SENERTEK,,,,
SEN WALIA (PART),,,,
SENAPALLI,,,,
UTTAR GOKULNAGAR,,,,
SHAKRAN,,,,
SHAKRAN,,,,
SUNDRIP,,,,
SUNDRIP,,,,
TAKSHUR,,,,
MIRZANAGAR,,,,
TAKSHUR,,,,
TATTIBARI (PART),,,,
NABINAGAR,,,,
TATTIBARI,,,,
UTTAR KROK,,,,
DAIRY FIRM,,,,
JUBA PRASHIKKHAN KENDRA,,,,
UTTAR RAMCHANDRAPUR,,,,
MUKTADHARA,,,,
NIRIBILI,,,,
UTTAR SINDURIA,,,,
UTTAR SINDURIA,,,,
SAVAR,,,,
AICH NOADDA (PART),,,,
CHAPAIN,,,,
LALTEK,,,,
CHHALIA,,,,
BPATC,,,,
MITAN,,,,
DAKKHIN KRISHNAPUR,,,,
KRISHNAPUR,,,,
DEOGAON,,,,
DEOGAON,,,,
DHARENDA,,,,
DHARENDA,,,,
GENDA (PART),,,,
NAMA GENDA,,,,
GHORADIA,,,,
GHORADIA,,,,
KALMA,,,,
DAKKHIN KALMA,,,,
UTTAR KALMA,,,,
KHANJANKATHI,,,,
KHANJANKATHI,,,,
MADANPUR,,,,
MADANPUR (ARMY DAIRY FARM),,,,
MALLIKERTEK,,,,
MALLIKERTEK,,,,
SHIMULIA,,,,
BAIDGAON,,,,
BAIDGAON,,,,
BARAIPARA,,,,
BARAIPARA,,,,
BARAL,,,,
BARAL,,,,
BAUNIA,,,,
BAUNIA,,,,
BHATIAKANDI,,,,
BHATIAKANDI,,,,
BRAHMAN KARESHWARI,,,,
BRAMMAN KARESHWARI,,,,
CHANGIRDIA,,,,
CHANGIRDIA,,,,
CHHOTA KAUNDIA,,,,
CHHOTA KAUNDIA,,,,
DAKKHIN RANGAMATIA,,,,
ANAILBARI,,,,
DAKKHIN RANGAMATI,,,,
RANGAMATI,,,,
DAKKHIN SHIMULIA,,,,
AMUDIAPARA,,,,
BADYAKARPARA,,,,
BARA RISHIPARA,,,,
BARANAGAR,,,,
BHATTACHARJAPARA,,,,
CHAKRABARTIPARA,,,,
CHALAPARA,,,,
CHHOTA RISHIPARA,,,,
DASPARA,,,,
KALIKAPUR,,,,
KAMARPARA,,,,
KANTAPARA,,,,
KHALPARA,,,,
LALARTEK,,,,
MADHYAPARA,,,,
NARAPARA,,,,
TANTIPARA,,,,
TIRTHAGHAT,,,,
GANAKPARA,,,,
GANAKPARA,,,,
GANAKPARA BANDAR,,,,
GAZIBARI,,,,
GAZIBARI,,,,
GOHAILBARI,,,,
DIGHIRPAR,,,,
GOHAILBARI,,,,
GUCHCHHAGRAM,,,,
KONAPARA,,,,
JATRABARI,,,,
JATRABARI,,,,
KABIRPUR,,,,
KABIRPUR,,,,
KACHAIR,,,,
BAGBARI,,,,
KACHAIR,,,,
KALTASUTI,,,,
KALTASUTI,,,,
KHAR KARESHWARI,,,,
KHAR KARESHWARI,,,,
NAIHATI,,,,
CHHANTEKI,,,,
GOPINPUR,,,,
KODALTEKI,,,,
NAIHATI,,,,
NALLAPOLLA,,,,
DAKKHIN NALLAPOLLA,,,,
UTTAR NALLAPOLLA,,,,
NISHCHINTAPUR,,,,
NISHCHINTAPUR,,,,
PANTAPARA,,,,
BANDERTEK,,,,
PANTAPARA,,,,
CHHOTA PARAGAON,,,,
PARAGRAM,,,,
RANASTHAL,,,,
BAINTEKI,,,,
DARJIPARA,,,,
GAZIRTEK,,,,
MUCHIRTEK,,,,
RANASTHAL,,,,
RANASTHAL BEPARIPARA,,,,
VIKUMPUR,,,,
TENGURI,,,,
TENGURI,,,,
TENTULJHORA,,,,
BAHRA,,,,
HARANNAGAR,,,,
BARAIGRAM (PART),,,,
BARAIGRAM,,,,
BHARARI,,,,
BILAMALIA,,,,
JADURCHAR,,,,
JOYNABARI,,,,
MADHUMATI MODEL TOWN,,,,
MADHURCHAR,,,,
CHANDRANARAYANPUR,,,,
CHANDULIA,,,,
CHANDULIA,,,,
SUGANDHA HOUSING,,,,
DAKKHIN DATTAPARA,,,,
BHAWALIAPARA,,,,
DAKKHIN RAMCHANDRAPUR (PART),,,,
RAMCHANDRAPUR,,,,
DAKKHIN SHYAMPUR,,,,
ARGENTPARA,,,,
BAGBARI,,,,
DAKKHIN SHYAMPUR,,,,
HEMAYETPUR,,,,
NATUNPARA,,,,
PURBAHATI,,,,
SHYAMPUR,,,,
DIGHAMATIA,,,,
DAKKHIN MEITKA,,,,
JHAUCHAR,,,,
UTTAR MEITKA,,,,
FULBARIA,,,,
RAJ FULBARIA,,,,
SHOVAPUR,,,,
HARINDHARA,,,,
HARINDHARA,,,,
JAMUR,,,,
BHARARI,,,,
BHARARI NATUNPARA,,,,
NIMERTEK,,,,
JAMUR KHIDRAGANTI,,,,
KHIDRAGANTI,,,,
JAMUR MUCHIPARA,,,,
JAMUR MUCHIPARA,,,,
KANDI BALIARPUR,,,,
KULASUR,,,,
NAGARCHAR,,,,
NAGARCHAR,,,,
NANDAKHALI,,,,
NANDAKHALI,,,,
NATORPARA,,,,
NATORPARA,,,,
PANPARA,,,,
KRISHNANAGAR,,,,
KUTIBARI,,,,
NAYAPARA,,,,
PANPARA,,,,
PURBA GOPALPUR,,,,
RAJAGHAT,,,,
KHATRAPARA,,,,
RAJAGHAT,,,,
TARAF RAJAGHAT,,,,
TENTULJHORA,,,,
TENTULJHORA,,,,
YEARPUR,,,,
BIGHATPATTI,,,,
CHITRASHAIL,,,,
CHITRASHAIL,,,,
DHANAID,,,,
DHANAID,,,,
DIAKHALI,,,,
BERAN,,,,
BURIRPARA,,,,
DIAKHALI,,,,
GOMAIL,,,,
GORAT,,,,
JAMGARA,,,,
ICHHARKANDI,,,,
ICHHARKANDI,,,,
JIRABA,,,,
JIRABA,,,,
MAN SANTOSH,,,,
NISHCHINTAPUR,,,,
YEARPUR,,,,
PURBA NARASINGHAPUR,,,,
PURBA NARASINGHAPUR,,,,
RUDRAPUR,,,,
SATAISH,,,,
SATAISHKANDI,,,,
TAIYABPUR,,,,
GHOSHBAG,,,,
KUNDALBAG,,,,
TAIYABPUR,,,,
TAJPUR,,,,
TAJPUR,,,,
SAVAR CANTONMENT,,,,
AGLA (PART),,,,
BAIPAIL (PART),,,,
DHALPUR (PART),,,,
ENAYETPUR (PART),,,,
KUTURIA,,,,
PALASHBARI (PART),,,,
SEN WALIA (PART),,,,
TATTIBARI (PART),,,,
SAVAR POURASABHA,,,,
WARD NO. 01,,,,
AMARPUR,,,,
AMARPUR,,,,
PORABARI,,,,
BADDA (PART),,,,
BADDA UTTAR-C,,,,
KAZIR CHANDA -A,,,,
BHATPARA,,,,
BADDA BHATPARA,,,,
BHATPARA,,,,
DAKKHIN BAKTARPUR (PART),,,,
BAKTARPUR UTTAR-B,,,,
JAMSING,,,,
JAMSING,,,,
TEUTY,,,,
DAKKHIN KANCHANPUR,,,,
KANCHANPUR,,,,
NAYABARI,,,,
NAYABARI,,,,
RARIBARI (PART),,,,
RARIBARI -A,,,,
WARD NO. 02,,,,
ARAPARA,,,,
ARAPARA,,,,
KAZIR CHANDRA-B,,,,
SUTAR NOADDA,,,,
DAKKHIN BAKTARPUR (PART),,,,
DAKKHIN BAKTARPUR,,,,
SAVAR (PART),,,,
SAVAR UTTAR BAZAR-C,,,,
SAVAR UTTARPARA,,,,
WARD NO. 03,,,,
BADDA (PART),,,,
BINODBAID,,,,
DAKKHIN BADDA,,,,
RAJAR NOADDA (MALANCHA),,,,
JALESHWAR,,,,
JALESHWAR,,,,
RARIBARI (PART),,,,
RARIBARI-B,,,,
WARD NO. 04,,,,
SAVAR (PART),,,,
GOSHPARA,,,,
KAZI MOKMAPARA,,,,
SAVAR BAZAR - DEF,,,,
SAVAR DAKKHINPARA,,,,
SAVAR MADHYAPARA,,,,
WARD NO. 05,,,,
BARA BALIMEHAR (PART),,,,
UTTAR TALBAG,,,,
CHHOTA BALIMEHER,,,,
BANK COLONY,,,,
PALPARA,,,,
PARBATINAGAR,,,,
WARD NO. 06,,,,
BARA BALIMEHER (PART),,,,
DAKKHIN TALBAG,,,,
BARAIGRAM (PART),,,,
BARAIGRAM,,,,
DAKKHIN DARIAPUR,,,,
BARAKURA,,,,
BHAGALPUR,,,,
DAKKHIN DARIAPUR,,,,
RAJABARI,,,,
TARAPUR SAOPARA,,,,
KARNAPARA,,,,
KARNAPARA,,,,
ULAIL,,,,
KATLAPUR,,,,
KATLAPUR,,,,
SHERPUR,,,,
KHALITAKHALI,,,,
SHERPUR,,,,
UTTAR SHYAMPUR,,,,
UTTAR SHYAMPUR,,,,
WARD NO. 07,,,,
AICH NOADDA,,,,
AICH NOADDA SHAHIBAG,,,,
DAGARMORA,,,,
DAGARMORA,,,,
RADIO COLONY,,,,
IMANDIPUR,,,,
IMANDIPUR,,,,
MAJIDPUR,,,,
MAJIDPUR,,,,
TATTI,,,,
TATTI DILKHOSHABAG,,,,
WARD NO. 08,,,,
RAJASAN,,,,
GHASMAHAL,,,,
MOLLAPARA,,,,
RAJASAN,,,,
WARD NO. 09,,,,
ANANDAPUR,,,,
ANANDAPUR,,,,
SARKARBARI,,,,
TIABARI,,,,
DAKKHIN,,,,
RAMCHANDRAPUR (PART),,,,
BANK TOWN,,,,
GENDA (PART),,,,
GENDA,,,,
GERDA,,,,
GERDA,,,,
PURBA BHABANIPUR,,,,
PURBA BHABANIPUR,,,,
